Category,Subcategory,Endpoint,Port,Protocol,TestMode,WildcardNote,Notes,Reference,Workloads
W365-CloudPC,Registration,login.microsoftonline.com,443,TCP,Both,,Microsoft Entra ID authentication,https://learn.microsoft.com/en-us/windows-365/enterprise/requirements-network,Windows365
W365-CloudPC,Registration,login.microsoftonline.com,80,TCP,Both,,Microsoft Entra ID authentication,https://learn.microsoft.com/en-us/windows-365/enterprise/requirements-network,Windows365
W365-CloudPC,Registration,login.live.com,443,TCP,Both,,Microsoft account authentication,https://learn.microsoft.com/en-us/windows-365/enterprise/requirements-network,Windows365
W365-CloudPC,Registration,enterpriseregistration.windows.net,443,TCP,Both,,Device registration,https://learn.microsoft.com/en-us/windows-365/enterprise/requirements-network,Windows365
W365-CloudPC,Registration,enterpriseregistration.windows.net,80,TCP,Both,,Device registration,https://learn.microsoft.com/en-us/windows-365/enterprise/requirements-network,Windows365
W365-CloudPC,Windows365 Service,*.infra.windows365.microsoft.com,443,TCP,CloudPC,Wildcard - cannot auto-test; verify DNS resolves,Windows 365 provisioning and health checks,https://learn.microsoft.com/en-us/windows-365/enterprise/requirements-network,Windows365
W365-CloudPC,IoT Provisioning,global.azure-devices-provisioning.net,443,TCP,CloudPC,,IoT Hub device provisioning,https://learn.microsoft.com/en-us/windows-365/enterprise/requirements-network,Windows365
W365-CloudPC,IoT Provisioning,global.azure-devices-provisioning.net,5671,TCP,CloudPC,,IoT Hub device provisioning AMQP,https://learn.microsoft.com/en-us/windows-365/enterprise/requirements-network,Windows365
W365-CloudPC,IoT Hubs,hm-iot-in-prod-prap01.azure-devices.net,443,TCP,CloudPC,,Asia Pacific IoT Hub,https://learn.microsoft.com/en-us/windows-365/enterprise/requirements-network,Windows365
W365-CloudPC,IoT Hubs,hm-iot-in-prod-prap01.azure-devices.net,5671,TCP,CloudPC,,Asia Pacific IoT Hub AMQP,https://learn.microsoft.com/en-us/windows-365/enterprise/requirements-network,Windows365
W365-CloudPC,IoT Hubs,hm-iot-in-prod-prau01.azure-devices.net,443,TCP,CloudPC,,Australia IoT Hub,https://learn.microsoft.com/en-us/windows-365/enterprise/requirements-network,Windows365
W365-CloudPC,IoT Hubs,hm-iot-in-prod-prau01.azure-devices.net,5671,TCP,CloudPC,,Australia IoT Hub AMQP,https://learn.microsoft.com/en-us/windows-365/enterprise/requirements-network,Windows365
W365-CloudPC,IoT Hubs,hm-iot-in-prod-preu01.azure-devices.net,443,TCP,CloudPC,,Europe IoT Hub,https://learn.microsoft.com/en-us/windows-365/enterprise/requirements-network,Windows365
W365-CloudPC,IoT Hubs,hm-iot-in-prod-preu01.azure-devices.net,5671,TCP,CloudPC,,Europe IoT Hub AMQP,https://learn.microsoft.com/en-us/windows-365/enterprise/requirements-network,Windows365
W365-CloudPC,IoT Hubs,hm-iot-in-prod-prna01.azure-devices.net,443,TCP,CloudPC,,North America IoT Hub,https://learn.microsoft.com/en-us/windows-365/enterprise/requirements-network,Windows365
W365-CloudPC,IoT Hubs,hm-iot-in-prod-prna01.azure-devices.net,5671,TCP,CloudPC,,North America IoT Hub AMQP,https://learn.microsoft.com/en-us/windows-365/enterprise/requirements-network,Windows365
W365-CloudPC,IoT Hubs,hm-iot-in-prod-prna02.azure-devices.net,443,TCP,CloudPC,,North America IoT Hub 2,https://learn.microsoft.com/en-us/windows-365/enterprise/requirements-network,Windows365
W365-CloudPC,IoT Hubs,hm-iot-in-prod-prna02.azure-devices.net,5671,TCP,CloudPC,,North America IoT Hub 2 AMQP,https://learn.microsoft.com/en-us/windows-365/enterprise/requirements-network,Windows365
W365-CloudPC,IoT Hubs,hm-iot-in-2-prod-preu01.azure-devices.net,443,TCP,CloudPC,,Europe IoT Hub 2,https://learn.microsoft.com/en-us/windows-365/enterprise/requirements-network,Windows365
W365-CloudPC,IoT Hubs,hm-iot-in-2-prod-preu01.azure-devices.net,5671,TCP,CloudPC,,Europe IoT Hub 2 AMQP,https://learn.microsoft.com/en-us/windows-365/enterprise/requirements-network,Windows365
W365-CloudPC,IoT Hubs,hm-iot-in-2-prod-prna01.azure-devices.net,443,TCP,CloudPC,,North America IoT Hub 2b,https://learn.microsoft.com/en-us/windows-365/enterprise/requirements-network,Windows365
W365-CloudPC,IoT Hubs,hm-iot-in-2-prod-prna01.azure-devices.net,5671,TCP,CloudPC,,North America IoT Hub 2b AMQP,https://learn.microsoft.com/en-us/windows-365/enterprise/requirements-network,Windows365
W365-CloudPC,IoT Hubs,hm-iot-in-3-prod-preu01.azure-devices.net,443,TCP,CloudPC,,Europe IoT Hub 3,https://learn.microsoft.com/en-us/windows-365/enterprise/requirements-network,Windows365
W365-CloudPC,IoT Hubs,hm-iot-in-3-prod-preu01.azure-devices.net,5671,TCP,CloudPC,,Europe IoT Hub 3 AMQP,https://learn.microsoft.com/en-us/windows-365/enterprise/requirements-network,Windows365
W365-CloudPC,IoT Hubs,hm-iot-in-3-prod-prna01.azure-devices.net,443,TCP,CloudPC,,North America IoT Hub 3,https://learn.microsoft.com/en-us/windows-365/enterprise/requirements-network,Windows365
W365-CloudPC,IoT Hubs,hm-iot-in-3-prod-prna01.azure-devices.net,5671,TCP,CloudPC,,North America IoT Hub 3 AMQP,https://learn.microsoft.com/en-us/windows-365/enterprise/requirements-network,Windows365
W365-CloudPC,IoT Hubs,hm-iot-in-4-prod-prna01.azure-devices.net,443,TCP,CloudPC,,North America IoT Hub 4,https://learn.microsoft.com/en-us/windows-365/enterprise/requirements-network,Windows365
W365-CloudPC,IoT Hubs,hm-iot-in-4-prod-prna01.azure-devices.net,5671,TCP,CloudPC,,North America IoT Hub 4 AMQP,https://learn.microsoft.com/en-us/windows-365/enterprise/requirements-network,Windows365
AVD-SessionHost,Core,login.microsoftonline.com,443,TCP,CloudPC,,Authentication to Microsoft Online Services,https://learn.microsoft.com/en-us/azure/virtual-desktop/required-fqdn-endpoint,AVD;Windows365
AVD-SessionHost,Core,login.microsoftonline.com,80,TCP,CloudPC,,Authentication to Microsoft Online Services,https://learn.microsoft.com/en-us/azure/virtual-desktop/required-fqdn-endpoint,AVD;Windows365
AVD-SessionHost,Core,51.5.0.0/16,3478,UDP,CloudPC,IP range - TCP test not applicable,RDP Shortpath relayed connectivity (TURN/STUN). Service tag: WindowsVirtualDesktop,https://learn.microsoft.com/en-us/azure/virtual-desktop/required-fqdn-endpoint,AVD;Windows365
AVD-SessionHost,Core,*.wvd.microsoft.com,443,TCP,CloudPC,Wildcard - cannot auto-test,AVD service traffic + TCP-based RDP connectivity. Service tag: WindowsVirtualDesktop,https://learn.microsoft.com/en-us/azure/virtual-desktop/required-fqdn-endpoint,AVD;Windows365
AVD-SessionHost,Core,catalogartifact.azureedge.net,443,TCP,CloudPC,,Azure Marketplace. Service tag: AzureFrontDoor.Frontend,https://learn.microsoft.com/en-us/azure/virtual-desktop/required-fqdn-endpoint,AVD;Windows365
AVD-SessionHost,Core,*.service.windows.cloud.microsoft,443,TCP,CloudPC,Wildcard - cannot auto-test,AVD service traffic. Service tag: WindowsVirtualDesktop,https://learn.microsoft.com/en-us/azure/virtual-desktop/required-fqdn-endpoint,AVD;Windows365
AVD-SessionHost,Core,*.windows.cloud.microsoft,443,TCP,CloudPC,Wildcard - cannot auto-test,AVD service traffic,https://learn.microsoft.com/en-us/azure/virtual-desktop/required-fqdn-endpoint,AVD;Windows365
AVD-SessionHost,Core,*.windows.static.microsoft,443,TCP,CloudPC,Wildcard - cannot auto-test,AVD service traffic,https://learn.microsoft.com/en-us/azure/virtual-desktop/required-fqdn-endpoint,AVD;Windows365
AVD-SessionHost,Core,aka.ms,443,TCP,CloudPC,,Microsoft URL shortener - used during session host deployment,https://learn.microsoft.com/en-us/azure/virtual-desktop/required-fqdn-endpoint,AVD;Windows365
AVD-SessionHost,Monitoring,*.prod.warm.ingest.monitor.core.windows.net,443,TCP,CloudPC,Wildcard - cannot auto-test,AVD agent diagnostics output. Service tag: AzureMonitor,https://learn.microsoft.com/en-us/azure/virtual-desktop/required-fqdn-endpoint,AVD;Windows365
AVD-SessionHost,Monitoring,gcs.prod.monitoring.core.windows.net,443,TCP,CloudPC,,AVD agent traffic. Service tag: AzureMonitor,https://learn.microsoft.com/en-us/azure/virtual-desktop/required-fqdn-endpoint,AVD;Windows365
AVD-SessionHost,Activation,azkms.core.windows.net,1688,TCP,CloudPC,,Windows KMS activation,https://learn.microsoft.com/en-us/azure/virtual-desktop/required-fqdn-endpoint,AVD;Windows365
AVD-SessionHost,Updates,mrsglobalsteus2prod.blob.core.windows.net,443,TCP,CloudPC,,AVD agent and SXS stack updates. Service tag: Storage,https://learn.microsoft.com/en-us/azure/virtual-desktop/required-fqdn-endpoint,AVD;Windows365
AVD-SessionHost,Portal,wvdportalstorageblob.blob.core.windows.net,443,TCP,CloudPC,,Azure portal support. Service tag: AzureCloud,https://learn.microsoft.com/en-us/azure/virtual-desktop/required-fqdn-endpoint,AVD;Windows365
AVD-SessionHost,Azure Infrastructure,169.254.169.254,80,TCP,CloudPC,,Azure Instance Metadata Service (IMDS) - Azure fabric IP; must not be proxied or intercepted,https://learn.microsoft.com/en-us/azure/virtual-desktop/azurecommunicationips,AVD;Windows365
AVD-SessionHost,Azure Infrastructure,168.63.129.16,80,TCP,CloudPC,,WireServer - session host health monitoring; Azure fabric IP; must not be proxied or intercepted,https://learn.microsoft.com/en-us/azure/virtual-desktop/azurecommunicationips,AVD;Windows365
AVD-SessionHost,Azure Infrastructure,168.63.129.16,32526,TCP,CloudPC,,WireServer - Azure VM agent extension and health port; Azure fabric IP; must not be proxied or intercepted,https://learn.microsoft.com/en-us/azure/virtual-desktop/azurecommunicationips,AVD;Windows365
AVD-SessionHost,Azure Infrastructure,168.63.129.16,53,TCP,CloudPC,,WireServer DNS - ONLY required when using Azure-provided DNS; not needed if the VNet uses custom DNS servers,https://learn.microsoft.com/en-us/azure/virtual-desktop/azurecommunicationips,AVD;Windows365
AVD-SessionHost,Certificates,oneocsp.microsoft.com,80,TCP,CloudPC,,OCSP certificate validation. Service tag: AzureFrontDoor.FirstParty,https://learn.microsoft.com/en-us/azure/virtual-desktop/required-fqdn-endpoint,AVD;Windows365
AVD-SessionHost,Certificates,www.microsoft.com,80,TCP,CloudPC,,Certificate chain,https://learn.microsoft.com/en-us/azure/virtual-desktop/required-fqdn-endpoint,AVD;Windows365
AVD-SessionHost,Certificates,*.aikcertaia.microsoft.com,80,TCP,CloudPC,Wildcard - cannot auto-test,AIK Certificate Authority,https://learn.microsoft.com/en-us/azure/virtual-desktop/required-fqdn-endpoint,AVD;Windows365
AVD-SessionHost,Certificates,azcsprodeusaikpublish.blob.core.windows.net,80,TCP,CloudPC,,AIK certificate publishing,https://learn.microsoft.com/en-us/azure/virtual-desktop/required-fqdn-endpoint,AVD;Windows365
AVD-SessionHost,Certificates,*.microsoftaik.azure.net,80,TCP,CloudPC,Wildcard - cannot auto-test,Microsoft AIK Azure,https://learn.microsoft.com/en-us/azure/virtual-desktop/required-fqdn-endpoint,AVD;Windows365
AVD-SessionHost,Certificates,ctldl.windowsupdate.com,80,TCP,CloudPC,,Certificate Trust List download,https://learn.microsoft.com/en-us/azure/virtual-desktop/required-fqdn-endpoint,AVD;Windows365
AVD-SessionHost-Optional,Auth,login.windows.net,443,TCP,CloudPC,,Sign in to Microsoft Online Services and Microsoft 365,https://learn.microsoft.com/en-us/azure/virtual-desktop/required-fqdn-endpoint,AVD;Windows365
AVD-SessionHost-Optional,Connectivity,www.msftconnecttest.com,80,TCP,CloudPC,,Internet connectivity detection,https://learn.microsoft.com/en-us/azure/virtual-desktop/required-fqdn-endpoint,AVD;Windows365
AVD-SessionHost-Optional,Telemetry,*.events.data.microsoft.com,443,TCP,CloudPC,Wildcard - cannot auto-test,Windows telemetry service,https://learn.microsoft.com/en-us/azure/virtual-desktop/required-fqdn-endpoint,AVD;Windows365
AVD-SessionHost-Optional,Updates,*.prod.do.dsp.mp.microsoft.com,443,TCP,CloudPC,Wildcard - cannot auto-test,Windows Update delivery optimization,https://learn.microsoft.com/en-us/azure/virtual-desktop/required-fqdn-endpoint,AVD;Windows365
AVD-SessionHost-Optional,Updates,*.prod.do.dsp.mp.microsoft.com,80,TCP,CloudPC,Wildcard - cannot auto-test,Windows Update delivery optimization,https://learn.microsoft.com/en-us/azure/virtual-desktop/required-fqdn-endpoint,AVD;Windows365
AVD-SessionHost-Optional,Updates,*.sfx.ms,443,TCP,CloudPC,Wildcard - cannot auto-test,OneDrive client updates,https://learn.microsoft.com/en-us/azure/virtual-desktop/required-fqdn-endpoint,AVD;Windows365
AVD-SessionHost-Optional,Certificates,*.digicert.com,80,TCP,CloudPC,Wildcard - cannot auto-test,DigiCert certificate revocation,https://learn.microsoft.com/en-us/azure/virtual-desktop/required-fqdn-endpoint,AVD;Windows365
AVD-SessionHost-Optional,DNS,*.azure-dns.com,443,TCP,CloudPC,Wildcard - cannot auto-test,Azure DNS resolution,https://learn.microsoft.com/en-us/azure/virtual-desktop/required-fqdn-endpoint,AVD;Windows365
AVD-SessionHost-Optional,DNS,*.azure-dns.net,443,TCP,CloudPC,Wildcard - cannot auto-test,Azure DNS resolution,https://learn.microsoft.com/en-us/azure/virtual-desktop/required-fqdn-endpoint,AVD;Windows365
AVD-SessionHost-Optional,Diagnostics,*eh.servicebus.windows.net,443,TCP,CloudPC,Wildcard - cannot auto-test,Azure Event Hub for diagnostic settings. Service tag: EventHub,https://learn.microsoft.com/en-us/azure/virtual-desktop/required-fqdn-endpoint,AVD;Windows365
Client-AVD,Auth,login.microsoftonline.com,443,TCP,Client,,Authentication to Microsoft Online Services,https://learn.microsoft.com/en-us/azure/virtual-desktop/required-fqdn-endpoint,AVD;Windows365
Client-AVD,Auth,login.microsoftonline.com,80,TCP,Client,,Authentication to Microsoft Online Services,https://learn.microsoft.com/en-us/azure/virtual-desktop/required-fqdn-endpoint,AVD;Windows365
Client-AVD,Service,*.wvd.microsoft.com,443,TCP,Client,Wildcard - cannot auto-test,AVD/W365 service traffic,https://learn.microsoft.com/en-us/azure/virtual-desktop/required-fqdn-endpoint,AVD;Windows365
Client-AVD,Connectivity,51.5.0.0/16,3478,UDP,Client,IP range - TCP test not applicable,RDP Shortpath relayed connectivity (TURN/STUN) from the end user device. Service tag: WindowsVirtualDesktop,https://learn.microsoft.com/en-us/azure/virtual-desktop/required-fqdn-endpoint,AVD;Windows365
Client-AVD,Troubleshooting,*.servicebus.windows.net,443,TCP,Client,Wildcard - cannot auto-test,Troubleshooting data,https://learn.microsoft.com/en-us/azure/virtual-desktop/required-fqdn-endpoint,AVD;Windows365
Client-AVD,Navigation,go.microsoft.com,443,TCP,Client,,Microsoft FWLinks,https://learn.microsoft.com/en-us/azure/virtual-desktop/required-fqdn-endpoint,AVD;Windows365
Client-AVD,Navigation,go.microsoft.com,80,TCP,Client,,Microsoft FWLinks,https://learn.microsoft.com/en-us/azure/virtual-desktop/required-fqdn-endpoint,AVD;Windows365
Client-AVD,Navigation,aka.ms,443,TCP,Client,,Microsoft URL shortener,https://learn.microsoft.com/en-us/azure/virtual-desktop/required-fqdn-endpoint,AVD;Windows365
Client-AVD,Docs,learn.microsoft.com,443,TCP,Client,,Microsoft documentation,https://learn.microsoft.com/en-us/azure/virtual-desktop/required-fqdn-endpoint,AVD;Windows365
Client-AVD,Legal,privacy.microsoft.com,443,TCP,Client,,Microsoft privacy statement,https://learn.microsoft.com/en-us/azure/virtual-desktop/required-fqdn-endpoint,AVD;Windows365
Client-AVD,Updates,*.cdn.office.net,443,TCP,Client,Wildcard - cannot auto-test,Automatic updates (Windows Desktop client),https://learn.microsoft.com/en-us/azure/virtual-desktop/required-fqdn-endpoint,AVD;Windows365
Client-AVD,Service,graph.microsoft.com,443,TCP,Client,,Microsoft Graph API,https://learn.microsoft.com/en-us/azure/virtual-desktop/required-fqdn-endpoint,AVD;Windows365
Client-AVD,Portal,windows.cloud.microsoft,443,TCP,Client,,Connection center,https://learn.microsoft.com/en-us/azure/virtual-desktop/required-fqdn-endpoint,AVD;Windows365
Client-AVD,Portal,windows365.microsoft.com,443,TCP,Client,,Windows 365 service traffic,https://learn.microsoft.com/en-us/azure/virtual-desktop/required-fqdn-endpoint,AVD;Windows365
Client-AVD,Portal,ecs.office.com,443,TCP,Client,,Connection center configuration,https://learn.microsoft.com/en-us/azure/virtual-desktop/required-fqdn-endpoint,AVD;Windows365
Client-AVD,Telemetry,*.events.data.microsoft.com,443,TCP,Client,Wildcard - cannot auto-test,Client telemetry,https://learn.microsoft.com/en-us/azure/virtual-desktop/required-fqdn-endpoint,AVD;Windows365
Client-AVD,Certificates,*.microsoftaik.azure.net,80,TCP,Client,Wildcard - cannot auto-test,Microsoft AIK Azure certificates,https://learn.microsoft.com/en-us/azure/virtual-desktop/required-fqdn-endpoint,AVD;Windows365
Client-AVD,Certificates,www.microsoft.com,80,TCP,Client,,Certificate chain,https://learn.microsoft.com/en-us/azure/virtual-desktop/required-fqdn-endpoint,AVD;Windows365
Client-AVD,Certificates,*.aikcertaia.microsoft.com,80,TCP,Client,Wildcard - cannot auto-test,AIK Certificate Authority,https://learn.microsoft.com/en-us/azure/virtual-desktop/required-fqdn-endpoint,AVD;Windows365
Client-AVD,Certificates,azcsprodeusaikpublish.blob.core.windows.net,80,TCP,Client,,AIK certificate publishing,https://learn.microsoft.com/en-us/azure/virtual-desktop/required-fqdn-endpoint,AVD;Windows365
Intune,Core Service,manage.microsoft.com,443,TCP,CloudPC,,Intune client and host service,https://learn.microsoft.com/en-us/intune/intune-service/fundamentals/intune-endpoints,Intune;Windows365
Intune,Core Service,manage.microsoft.com,80,TCP,CloudPC,,Intune client and host service,https://learn.microsoft.com/en-us/intune/intune-service/fundamentals/intune-endpoints,Intune;Windows365
Intune,Core Service,*.manage.microsoft.com,443,TCP,CloudPC,Wildcard - cannot auto-test,Intune client and host service (wildcard),https://learn.microsoft.com/en-us/intune/intune-service/fundamentals/intune-endpoints,Intune;Windows365
Intune,Core Service,*.manage.microsoft.com,80,TCP,CloudPC,Wildcard - cannot auto-test,Intune client and host service (wildcard),https://learn.microsoft.com/en-us/intune/intune-service/fundamentals/intune-endpoints,Intune;Windows365
Intune,Core Service,*.dm.microsoft.com,443,TCP,CloudPC,Wildcard - cannot auto-test,Intune DM endpoints (also used by Defender for Endpoint). SSL inspection not supported,https://learn.microsoft.com/en-us/intune/intune-service/fundamentals/intune-endpoints,Intune;Windows365
Intune,Core Service,*.dm.microsoft.com,80,TCP,CloudPC,Wildcard - cannot auto-test,Intune DM endpoints (also used by Defender for Endpoint). SSL inspection not supported,https://learn.microsoft.com/en-us/intune/intune-service/fundamentals/intune-endpoints,Intune;Windows365
Intune,Core Service,EnterpriseEnrollment.manage.microsoft.com,443,TCP,CloudPC,,Intune enterprise enrollment,https://learn.microsoft.com/en-us/intune/intune-service/fundamentals/intune-endpoints,Intune;Windows365
Intune,Core Service,EnterpriseEnrollment.manage.microsoft.com,80,TCP,CloudPC,,Intune enterprise enrollment,https://learn.microsoft.com/en-us/intune/intune-service/fundamentals/intune-endpoints,Intune;Windows365
Intune,Win32 Apps,swda01-mscdn.manage.microsoft.com,443,TCP,CloudPC,,Win32 app CDN node 1a,https://learn.microsoft.com/en-us/intune/intune-service/fundamentals/intune-endpoints,Intune;Windows365
Intune,Win32 Apps,swda01-mscdn.manage.microsoft.com,80,TCP,CloudPC,,Win32 app CDN node 1a,https://learn.microsoft.com/en-us/intune/intune-service/fundamentals/intune-endpoints,Intune;Windows365
Intune,Win32 Apps,swda02-mscdn.manage.microsoft.com,443,TCP,CloudPC,,Win32 app CDN node 1b,https://learn.microsoft.com/en-us/intune/intune-service/fundamentals/intune-endpoints,Intune;Windows365
Intune,Win32 Apps,swda02-mscdn.manage.microsoft.com,80,TCP,CloudPC,,Win32 app CDN node 1b,https://learn.microsoft.com/en-us/intune/intune-service/fundamentals/intune-endpoints,Intune;Windows365
Intune,Win32 Apps,swdb01-mscdn.manage.microsoft.com,443,TCP,CloudPC,,Win32 app CDN node 2a,https://learn.microsoft.com/en-us/intune/intune-service/fundamentals/intune-endpoints,Intune;Windows365
Intune,Win32 Apps,swdb01-mscdn.manage.microsoft.com,80,TCP,CloudPC,,Win32 app CDN node 2a,https://learn.microsoft.com/en-us/intune/intune-service/fundamentals/intune-endpoints,Intune;Windows365
Intune,Win32 Apps,swdb02-mscdn.manage.microsoft.com,443,TCP,CloudPC,,Win32 app CDN node 2b,https://learn.microsoft.com/en-us/intune/intune-service/fundamentals/intune-endpoints,Intune;Windows365
Intune,Win32 Apps,swdb02-mscdn.manage.microsoft.com,80,TCP,CloudPC,,Win32 app CDN node 2b,https://learn.microsoft.com/en-us/intune/intune-service/fundamentals/intune-endpoints,Intune;Windows365
Intune,Win32 Apps,swdc01-mscdn.manage.microsoft.com,443,TCP,CloudPC,,Win32 app CDN node 3a,https://learn.microsoft.com/en-us/intune/intune-service/fundamentals/intune-endpoints,Intune;Windows365
Intune,Win32 Apps,swdc01-mscdn.manage.microsoft.com,80,TCP,CloudPC,,Win32 app CDN node 3a,https://learn.microsoft.com/en-us/intune/intune-service/fundamentals/intune-endpoints,Intune;Windows365
Intune,Win32 Apps,swdc02-mscdn.manage.microsoft.com,443,TCP,CloudPC,,Win32 app CDN node 3b,https://learn.microsoft.com/en-us/intune/intune-service/fundamentals/intune-endpoints,Intune;Windows365
Intune,Win32 Apps,swdc02-mscdn.manage.microsoft.com,80,TCP,CloudPC,,Win32 app CDN node 3b,https://learn.microsoft.com/en-us/intune/intune-service/fundamentals/intune-endpoints,Intune;Windows365
Intune,Win32 Apps,swdd01-mscdn.manage.microsoft.com,443,TCP,CloudPC,,Win32 app CDN node 4a,https://learn.microsoft.com/en-us/intune/intune-service/fundamentals/intune-endpoints,Intune;Windows365
Intune,Win32 Apps,swdd01-mscdn.manage.microsoft.com,80,TCP,CloudPC,,Win32 app CDN node 4a,https://learn.microsoft.com/en-us/intune/intune-service/fundamentals/intune-endpoints,Intune;Windows365
Intune,Win32 Apps,swdd02-mscdn.manage.microsoft.com,443,TCP,CloudPC,,Win32 app CDN node 4b,https://learn.microsoft.com/en-us/intune/intune-service/fundamentals/intune-endpoints,Intune;Windows365
Intune,Win32 Apps,swdd02-mscdn.manage.microsoft.com,80,TCP,CloudPC,,Win32 app CDN node 4b,https://learn.microsoft.com/en-us/intune/intune-service/fundamentals/intune-endpoints,Intune;Windows365
Intune,Win32 Apps,swdin01-mscdn.manage.microsoft.com,443,TCP,CloudPC,,Win32 app CDN node India 1,https://learn.microsoft.com/en-us/intune/intune-service/fundamentals/intune-endpoints,Intune;Windows365
Intune,Win32 Apps,swdin01-mscdn.manage.microsoft.com,80,TCP,CloudPC,,Win32 app CDN node India 1,https://learn.microsoft.com/en-us/intune/intune-service/fundamentals/intune-endpoints,Intune;Windows365
Intune,Win32 Apps,swdin02-mscdn.manage.microsoft.com,443,TCP,CloudPC,,Win32 app CDN node India 2,https://learn.microsoft.com/en-us/intune/intune-service/fundamentals/intune-endpoints,Intune;Windows365
Intune,Win32 Apps,swdin02-mscdn.manage.microsoft.com,80,TCP,CloudPC,,Win32 app CDN node India 2,https://learn.microsoft.com/en-us/intune/intune-service/fundamentals/intune-endpoints,Intune;Windows365
Intune,Auth,login.microsoftonline.com,443,TCP,CloudPC,,Authentication and Identity (Entra ID),https://learn.microsoft.com/en-us/intune/intune-service/fundamentals/intune-endpoints,Intune;Windows365
Intune,Auth,login.microsoftonline.com,80,TCP,CloudPC,,Authentication and Identity (Entra ID),https://learn.microsoft.com/en-us/intune/intune-service/fundamentals/intune-endpoints,Intune;Windows365
Intune,Auth,graph.windows.net,443,TCP,CloudPC,,Authentication and Identity,https://learn.microsoft.com/en-us/intune/intune-service/fundamentals/intune-endpoints,Intune;Windows365
Intune,Auth,graph.windows.net,80,TCP,CloudPC,,Authentication and Identity,https://learn.microsoft.com/en-us/intune/intune-service/fundamentals/intune-endpoints,Intune;Windows365
Intune,Auth,login.live.com,443,TCP,CloudPC,,Consumer device auth and Microsoft account,https://learn.microsoft.com/en-us/intune/intune-service/fundamentals/intune-endpoints,Intune;Windows365
Intune,Auth,account.live.com,443,TCP,CloudPC,,Consumer Outlook.com and OneDrive device auth,https://learn.microsoft.com/en-us/intune/intune-service/fundamentals/intune-endpoints,Intune;Windows365
Intune,Auth,enterpriseregistration.windows.net,443,TCP,CloudPC,,Device registration,https://learn.microsoft.com/en-us/intune/intune-service/fundamentals/intune-endpoints,Intune;Windows365
Intune,Auth,enterpriseregistration.windows.net,80,TCP,CloudPC,,Device registration,https://learn.microsoft.com/en-us/intune/intune-service/fundamentals/intune-endpoints,Intune;Windows365
Intune,Auth,certauth.enterpriseregistration.windows.net,443,TCP,CloudPC,,Certificate-based device registration,https://learn.microsoft.com/en-us/intune/intune-service/fundamentals/intune-endpoints,Intune;Windows365
Intune,Auth,certauth.enterpriseregistration.windows.net,80,TCP,CloudPC,,Certificate-based device registration,https://learn.microsoft.com/en-us/intune/intune-service/fundamentals/intune-endpoints,Intune;Windows365
Intune,Navigation,go.microsoft.com,443,TCP,CloudPC,,Endpoint discovery,https://learn.microsoft.com/en-us/intune/intune-service/fundamentals/intune-endpoints,Intune;Windows365
Intune,Navigation,go.microsoft.com,80,TCP,CloudPC,,Endpoint discovery,https://learn.microsoft.com/en-us/intune/intune-service/fundamentals/intune-endpoints,Intune;Windows365
Intune,Config,config.edge.skype.com,443,TCP,CloudPC,,Feature deployment dependency,https://learn.microsoft.com/en-us/intune/intune-service/fundamentals/intune-endpoints,Intune;Windows365
Intune,Config,ecs.office.com,443,TCP,CloudPC,,Feature deployment dependency,https://learn.microsoft.com/en-us/intune/intune-service/fundamentals/intune-endpoints,Intune;Windows365
Intune,Config,fd.api.orgmsg.microsoft.com,443,TCP,CloudPC,,Organizational messages,https://learn.microsoft.com/en-us/intune/intune-service/fundamentals/intune-endpoints,Intune;Windows365
Intune,Config,*.officeconfig.msocdn.com,443,TCP,CloudPC,Wildcard - cannot auto-test,Office Customization Service,https://learn.microsoft.com/en-us/intune/intune-service/fundamentals/intune-endpoints,Intune;Windows365
Intune,Config,config.office.com,443,TCP,CloudPC,,Office Customization Service,https://learn.microsoft.com/en-us/intune/intune-service/fundamentals/intune-endpoints,Intune;Windows365
Intune,Delivery Optimization,*.do.dsp.mp.microsoft.com,443,TCP,CloudPC,Wildcard - cannot auto-test,MDM Delivery Optimization,https://learn.microsoft.com/en-us/intune/intune-service/fundamentals/intune-endpoints,Intune;Windows365
Intune,Delivery Optimization,*.do.dsp.mp.microsoft.com,80,TCP,CloudPC,Wildcard - cannot auto-test,MDM Delivery Optimization,https://learn.microsoft.com/en-us/intune/intune-service/fundamentals/intune-endpoints,Intune;Windows365
Intune,Delivery Optimization,*.dl.delivery.mp.microsoft.com,443,TCP,CloudPC,"NoTls - CDN-fronted content endpoint; serves a CDN certificate that does not cover the hostname, so TLS validation here is not meaningful. Content is signed and fetched over HTTP.",MDM Delivery Optimization content,https://learn.microsoft.com/en-us/intune/intune-service/fundamentals/intune-endpoints,Intune;Windows365
Intune,Delivery Optimization,*.dl.delivery.mp.microsoft.com,80,TCP,CloudPC,Wildcard - cannot auto-test,MDM Delivery Optimization content,https://learn.microsoft.com/en-us/intune/intune-service/fundamentals/intune-endpoints,Intune;Windows365
Intune,WNS Push,*.notify.windows.com,443,TCP,CloudPC,Wildcard - cannot auto-test,Windows Push Notification Services (WNS),https://learn.microsoft.com/en-us/intune/intune-service/fundamentals/intune-endpoints,Intune;Windows365
Intune,WNS Push,*.wns.windows.com,443,TCP,CloudPC,Wildcard - cannot auto-test,Windows Push Notification Services (WNS),https://learn.microsoft.com/en-us/intune/intune-service/fundamentals/intune-endpoints,Intune;Windows365
Intune,Android AOSP,intunecdnpeasd.manage.microsoft.com,443,TCP,CloudPC,,Android AOSP device management,https://learn.microsoft.com/en-us/intune/intune-service/fundamentals/intune-endpoints,Intune;Windows365
Intune-Autopilot,Windows Update,*.windowsupdate.com,443,TCP,CloudPC,"NoTls - CDN-fronted content endpoint; serves a CDN certificate that does not cover the hostname, so TLS validation here is not meaningful. Content is signed and fetched over HTTP.",Windows Autopilot - Windows Update,https://learn.microsoft.com/en-us/intune/intune-service/fundamentals/intune-endpoints,Intune;Windows365
Intune-Autopilot,Windows Update,*.windowsupdate.com,80,TCP,CloudPC,Wildcard - cannot auto-test,Windows Autopilot - Windows Update,https://learn.microsoft.com/en-us/intune/intune-service/fundamentals/intune-endpoints,Intune;Windows365
Intune-Autopilot,Windows Update,*.dl.delivery.mp.microsoft.com,443,TCP,CloudPC,"NoTls - CDN-fronted content endpoint; serves a CDN certificate that does not cover the hostname, so TLS validation here is not meaningful. Content is signed and fetched over HTTP.",Windows Autopilot - Delivery Optimization,https://learn.microsoft.com/en-us/intune/intune-service/fundamentals/intune-endpoints,Intune;Windows365
Intune-Autopilot,Windows Update,*.dl.delivery.mp.microsoft.com,80,TCP,CloudPC,Wildcard - cannot auto-test,Windows Autopilot - Delivery Optimization,https://learn.microsoft.com/en-us/intune/intune-service/fundamentals/intune-endpoints,Intune;Windows365
Intune-Autopilot,Windows Update,*.prod.do.dsp.mp.microsoft.com,443,TCP,CloudPC,Wildcard - cannot auto-test,Windows Autopilot - DO DSP,https://learn.microsoft.com/en-us/intune/intune-service/fundamentals/intune-endpoints,Intune;Windows365
Intune-Autopilot,Windows Update,*.prod.do.dsp.mp.microsoft.com,80,TCP,CloudPC,Wildcard - cannot auto-test,Windows Autopilot - DO DSP,https://learn.microsoft.com/en-us/intune/intune-service/fundamentals/intune-endpoints,Intune;Windows365
Intune-Autopilot,Windows Update,*.update.microsoft.com,443,TCP,CloudPC,Wildcard - cannot auto-test,Windows Autopilot - Windows Update,https://learn.microsoft.com/en-us/intune/intune-service/fundamentals/intune-endpoints,Intune;Windows365
Intune-Autopilot,Windows Update,*.update.microsoft.com,80,TCP,CloudPC,Wildcard - cannot auto-test,Windows Autopilot - Windows Update,https://learn.microsoft.com/en-us/intune/intune-service/fundamentals/intune-endpoints,Intune;Windows365
Intune-Autopilot,Windows Update,tsfe.trafficshaping.dsp.mp.microsoft.com,443,TCP,CloudPC,,Windows Autopilot - traffic shaping,https://learn.microsoft.com/en-us/intune/intune-service/fundamentals/intune-endpoints,Intune;Windows365
Intune-Autopilot,Windows Update,adl.windows.com,443,TCP,CloudPC,"NoTls - CDN-fronted content endpoint; serves a CDN certificate that does not cover the hostname, so TLS validation here is not meaningful. Content is signed and fetched over HTTP.",Windows Autopilot - Windows Update,https://learn.microsoft.com/en-us/intune/intune-service/fundamentals/intune-endpoints,Intune;Windows365
Intune-Autopilot,Windows Update,adl.windows.com,80,TCP,CloudPC,,Windows Autopilot - Windows Update,https://learn.microsoft.com/en-us/intune/intune-service/fundamentals/intune-endpoints,Intune;Windows365
Intune-Autopilot,NTP,time.windows.com,123,UDP,CloudPC,UDP - TCP test not applicable,Windows Autopilot - NTP time sync,https://learn.microsoft.com/en-us/intune/intune-service/fundamentals/intune-endpoints,Intune;Windows365
Intune-Autopilot,WNS,clientconfig.passport.net,443,TCP,CloudPC,,Windows Autopilot - WNS dependency,https://learn.microsoft.com/en-us/intune/intune-service/fundamentals/intune-endpoints,Intune;Windows365
Intune-Autopilot,WNS,windowsphone.com,443,TCP,CloudPC,,Windows Autopilot - WNS dependency,https://learn.microsoft.com/en-us/intune/intune-service/fundamentals/intune-endpoints,Intune;Windows365
Intune-Autopilot,WNS,*.s-microsoft.com,443,TCP,CloudPC,Wildcard - cannot auto-test,Windows Autopilot - WNS dependency,https://learn.microsoft.com/en-us/intune/intune-service/fundamentals/intune-endpoints,Intune;Windows365
Intune-Autopilot,TPM,ekop.intel.com,443,TCP,CloudPC,,Intel TPM Endorsement Key cert,https://learn.microsoft.com/en-us/intune/intune-service/fundamentals/intune-endpoints,Intune;Windows365
Intune-Autopilot,TPM,ekcert.spserv.microsoft.com,443,TCP,CloudPC,,Microsoft TPM EK cert service,https://learn.microsoft.com/en-us/intune/intune-service/fundamentals/intune-endpoints,Intune;Windows365
Intune-Autopilot,TPM,ftpm.amd.com,443,TCP,CloudPC,,AMD fTPM certificate,https://learn.microsoft.com/en-us/intune/intune-service/fundamentals/intune-endpoints,Intune;Windows365
Intune-Autopilot,Diagnostics,lgmsapeweu.blob.core.windows.net,443,TCP,CloudPC,Reference only - not tested; superseded,"Legacy Autopilot diagnostics upload endpoint. Still resolves but no longer listed by Microsoft - superseded by the amsu*lmsas.blob.core.windows.net set (endpoints table ID 182). Retained for reference only.",https://learn.microsoft.com/en-us/intune/intune-service/fundamentals/intune-endpoints,Intune;Windows365
Intune-Autopilot,Diagnostics,lgmsapewus2.blob.core.windows.net,443,TCP,CloudPC,Reference only - not tested; superseded,"Legacy Autopilot diagnostics upload endpoint. Still resolves but no longer listed by Microsoft - superseded by the amsu*lmsas.blob.core.windows.net set (endpoints table ID 182). Retained for reference only.",https://learn.microsoft.com/en-us/intune/intune-service/fundamentals/intune-endpoints,Intune;Windows365
Intune-Autopilot,Diagnostics,lgmsapesea.blob.core.windows.net,443,TCP,CloudPC,Reference only - not tested; superseded,"Legacy Autopilot diagnostics upload endpoint. Still resolves but no longer listed by Microsoft - superseded by the amsu*lmsas.blob.core.windows.net set (endpoints table ID 182). Retained for reference only.",https://learn.microsoft.com/en-us/intune/intune-service/fundamentals/intune-endpoints,Intune;Windows365
Intune-Autopilot,Diagnostics,lgmsapeaus.blob.core.windows.net,443,TCP,CloudPC,Reference only - not tested; superseded,"Legacy Autopilot diagnostics upload endpoint. Still resolves but no longer listed by Microsoft - superseded by the amsu*lmsas.blob.core.windows.net set (endpoints table ID 182). Retained for reference only.",https://learn.microsoft.com/en-us/intune/intune-service/fundamentals/intune-endpoints,Intune;Windows365
Intune-Autopilot,Diagnostics,lgmsapeind.blob.core.windows.net,443,TCP,CloudPC,Reference only - not tested; superseded,"Legacy Autopilot diagnostics upload endpoint. Still resolves but no longer listed by Microsoft - superseded by the amsu*lmsas.blob.core.windows.net set (endpoints table ID 182). Retained for reference only.",https://learn.microsoft.com/en-us/intune/intune-service/fundamentals/intune-endpoints,Intune;Windows365
Intune,Org Messages,ris.prod.api.personalization.ideas.microsoft.com,443,TCP,CloudPC,,Organizational messages - personalization service,https://learn.microsoft.com/en-us/intune/intune-service/fundamentals/intune-endpoints,Intune;Windows365
Intune,WNS Push,sinwns1011421.wns.windows.com,443,TCP,CloudPC,Reference only - not tested; NXDOMAIN globally,"Windows Push Notification (WNS). Listed in Microsoft Intune endpoints table ID 171 but absent from the Consolidated Endpoint List on the same page. Authoritative NXDOMAIN from the windows.com zone - confirmed via EDNS Client Subnet from Singapore, Sydney and London, so not region-scoped. Covered by *.wns.windows.com. Retained for reference only.",https://learn.microsoft.com/en-us/intune/intune-service/fundamentals/intune-endpoints,Intune;Windows365
Intune,WNS Push,sin.notify.windows.com,443,TCP,CloudPC,,Windows Push Notification (WNS) - CNAME to global.notify.trafficmanager.net (global Traffic Manager profile; the sin prefix is not region-scoped),https://learn.microsoft.com/en-us/intune/intune-service/fundamentals/intune-endpoints,Intune;Windows365
Intune,Android AOSP,intunecdnpeasd.azureedge.net,443,TCP,CloudPC,,Android AOSP - legacy domain (migrating to manage.microsoft.com March 2025),https://learn.microsoft.com/en-us/intune/intune-service/fundamentals/intune-endpoints,Intune;Windows365
Intune-Autopilot,Windows Update,*.delivery.mp.microsoft.com,443,TCP,CloudPC,Wildcard - cannot auto-test,Windows Autopilot - Delivery MP,https://learn.microsoft.com/en-us/intune/intune-service/fundamentals/intune-endpoints,Intune;Windows365
Intune-Autopilot,WNS,c.s-microsoft.com,443,TCP,CloudPC,,Windows Autopilot - WNS dependency (specific node alongside *.s-microsoft.com),https://learn.microsoft.com/en-us/intune/intune-service/fundamentals/intune-endpoints,Intune;Windows365
Client-AVD-CertCA,Certificate Authority,cacerts.digicert.com,80,TCP,Client,,AIA - DigiCert CA certificate downloads,https://learn.microsoft.com/en-us/azure/security/fundamentals/azure-certificate-authority-details,AVD;Windows365
Client-AVD-CertCA,Certificate Authority,cacerts.digicert.cn,80,TCP,Client,,AIA - DigiCert CA certificate downloads (CN),https://learn.microsoft.com/en-us/azure/security/fundamentals/azure-certificate-authority-details,AVD;Windows365
Client-AVD-CertCA,Certificate Authority,cacerts.geotrust.com,80,TCP,Client,,AIA - GeoTrust CA certificate downloads,https://learn.microsoft.com/en-us/azure/security/fundamentals/azure-certificate-authority-details,AVD;Windows365
Client-AVD-CertCA,Certificate Authority,caissuers.microsoft.com,80,TCP,Client,,AIA - Microsoft CA certificate downloads,https://learn.microsoft.com/en-us/azure/security/fundamentals/azure-certificate-authority-details,AVD;Windows365
Client-AVD-CertCA,Certificate Authority,www.microsoft.com,80,TCP,Client,,AIA and CRL - Microsoft certificate downloads,https://learn.microsoft.com/en-us/azure/security/fundamentals/azure-certificate-authority-details,AVD;Windows365
Client-AVD-CertCA,Certificate Authority,crl3.digicert.com,80,TCP,Client,,CRL - DigiCert CRL distribution point,https://learn.microsoft.com/en-us/azure/security/fundamentals/azure-certificate-authority-details,AVD;Windows365
Client-AVD-CertCA,Certificate Authority,crl4.digicert.com,80,TCP,Client,,CRL - DigiCert CRL distribution point,https://learn.microsoft.com/en-us/azure/security/fundamentals/azure-certificate-authority-details,AVD;Windows365
Client-AVD-CertCA,Certificate Authority,crl.digicert.cn,80,TCP,Client,,CRL - DigiCert CRL distribution point (CN),https://learn.microsoft.com/en-us/azure/security/fundamentals/azure-certificate-authority-details,AVD;Windows365
Client-AVD-CertCA,Certificate Authority,ocsp.digicert.com,80,TCP,Client,,OCSP - DigiCert OCSP responder,https://learn.microsoft.com/en-us/azure/security/fundamentals/azure-certificate-authority-details,AVD;Windows365
Client-AVD-CertCA,Certificate Authority,ocsp.digicert.cn,80,TCP,Client,,OCSP - DigiCert OCSP responder (CN),https://learn.microsoft.com/en-us/azure/security/fundamentals/azure-certificate-authority-details,AVD;Windows365
Client-AVD-CertCA,Certificate Authority,oneocsp.microsoft.com,80,TCP,Client,,OCSP - Microsoft OCSP responder,https://learn.microsoft.com/en-us/azure/security/fundamentals/azure-certificate-authority-details,AVD;Windows365
Intune,IP Ranges,4.145.74.224/27,443,TCP,CloudPC,IP range - verify firewall allows TCP 80/443,Intune client and host service (ID 163) - Allow Required,https://learn.microsoft.com/en-us/intune/intune-service/fundamentals/intune-endpoints,Intune;Windows365
Intune,IP Ranges,4.150.254.64/27,443,TCP,CloudPC,IP range - verify firewall allows TCP 80/443,Intune client and host service (ID 163) - Allow Required,https://learn.microsoft.com/en-us/intune/intune-service/fundamentals/intune-endpoints,Intune;Windows365
Intune,IP Ranges,4.154.145.224/27,443,TCP,CloudPC,IP range - verify firewall allows TCP 80/443,Intune client and host service (ID 163) - Allow Required,https://learn.microsoft.com/en-us/intune/intune-service/fundamentals/intune-endpoints,Intune;Windows365
Intune,IP Ranges,4.200.254.32/27,443,TCP,CloudPC,IP range - verify firewall allows TCP 80/443,Intune client and host service (ID 163) - Allow Required,https://learn.microsoft.com/en-us/intune/intune-service/fundamentals/intune-endpoints,Intune;Windows365
Intune,IP Ranges,4.207.244.0/27,443,TCP,CloudPC,IP range - verify firewall allows TCP 80/443,Intune client and host service (ID 163) - Allow Required,https://learn.microsoft.com/en-us/intune/intune-service/fundamentals/intune-endpoints,Intune;Windows365
Intune,IP Ranges,4.213.25.64/27,443,TCP,CloudPC,IP range - verify firewall allows TCP 80/443,Intune client and host service (ID 163) - Allow Required,https://learn.microsoft.com/en-us/intune/intune-service/fundamentals/intune-endpoints,Intune;Windows365
Intune,IP Ranges,4.213.86.128/25,443,TCP,CloudPC,IP range - verify firewall allows TCP 80/443,Intune client and host service (ID 163) - Allow Required,https://learn.microsoft.com/en-us/intune/intune-service/fundamentals/intune-endpoints,Intune;Windows365
Intune,IP Ranges,4.216.205.32/27,443,TCP,CloudPC,IP range - verify firewall allows TCP 80/443,Intune client and host service (ID 163) - Allow Required,https://learn.microsoft.com/en-us/intune/intune-service/fundamentals/intune-endpoints,Intune;Windows365
Intune,IP Ranges,4.237.143.128/25,443,TCP,CloudPC,IP range - verify firewall allows TCP 80/443,Intune client and host service (ID 163) - Allow Required,https://learn.microsoft.com/en-us/intune/intune-service/fundamentals/intune-endpoints,Intune;Windows365
Intune,IP Ranges,13.67.13.176/28,443,TCP,CloudPC,IP range - verify firewall allows TCP 80/443,Intune client and host service (ID 163) - Allow Required,https://learn.microsoft.com/en-us/intune/intune-service/fundamentals/intune-endpoints,Intune;Windows365
Intune,IP Ranges,13.67.15.128/27,443,TCP,CloudPC,IP range - verify firewall allows TCP 80/443,Intune client and host service (ID 163) - Allow Required,https://learn.microsoft.com/en-us/intune/intune-service/fundamentals/intune-endpoints,Intune;Windows365
Intune,IP Ranges,13.69.67.224/28,443,TCP,CloudPC,IP range - verify firewall allows TCP 80/443,Intune client and host service (ID 163) - Allow Required,https://learn.microsoft.com/en-us/intune/intune-service/fundamentals/intune-endpoints,Intune;Windows365
Intune,IP Ranges,13.69.231.128/28,443,TCP,CloudPC,IP range - verify firewall allows TCP 80/443,Intune client and host service (ID 163) - Allow Required,https://learn.microsoft.com/en-us/intune/intune-service/fundamentals/intune-endpoints,Intune;Windows365
Intune,IP Ranges,13.70.78.128/28,443,TCP,CloudPC,IP range - verify firewall allows TCP 80/443,Intune client and host service (ID 163) - Allow Required,https://learn.microsoft.com/en-us/intune/intune-service/fundamentals/intune-endpoints,Intune;Windows365
Intune,IP Ranges,13.70.79.128/27,443,TCP,CloudPC,IP range - verify firewall allows TCP 80/443,Intune client and host service (ID 163) - Allow Required,https://learn.microsoft.com/en-us/intune/intune-service/fundamentals/intune-endpoints,Intune;Windows365
Intune,IP Ranges,13.74.111.192/27,443,TCP,CloudPC,IP range - verify firewall allows TCP 80/443,Intune client and host service (ID 163) - Allow Required,https://learn.microsoft.com/en-us/intune/intune-service/fundamentals/intune-endpoints,Intune;Windows365
Intune,IP Ranges,13.77.53.176/28,443,TCP,CloudPC,IP range - verify firewall allows TCP 80/443,Intune client and host service (ID 163) - Allow Required,https://learn.microsoft.com/en-us/intune/intune-service/fundamentals/intune-endpoints,Intune;Windows365
Intune,IP Ranges,13.86.221.176/28,443,TCP,CloudPC,IP range - verify firewall allows TCP 80/443,Intune client and host service (ID 163) - Allow Required,https://learn.microsoft.com/en-us/intune/intune-service/fundamentals/intune-endpoints,Intune;Windows365
Intune,IP Ranges,13.89.174.240/28,443,TCP,CloudPC,IP range - verify firewall allows TCP 80/443,Intune client and host service (ID 163) - Allow Required,https://learn.microsoft.com/en-us/intune/intune-service/fundamentals/intune-endpoints,Intune;Windows365
Intune,IP Ranges,13.89.175.192/28,443,TCP,CloudPC,IP range - verify firewall allows TCP 80/443,Intune client and host service (ID 163) - Allow Required,https://learn.microsoft.com/en-us/intune/intune-service/fundamentals/intune-endpoints,Intune;Windows365
Intune,IP Ranges,20.37.153.0/24,443,TCP,CloudPC,IP range - verify firewall allows TCP 80/443,Intune client and host service (ID 163) - Allow Required,https://learn.microsoft.com/en-us/intune/intune-service/fundamentals/intune-endpoints,Intune;Windows365
Intune,IP Ranges,20.37.192.128/25,443,TCP,CloudPC,IP range - verify firewall allows TCP 80/443,Intune client and host service (ID 163) - Allow Required,https://learn.microsoft.com/en-us/intune/intune-service/fundamentals/intune-endpoints,Intune;Windows365
Intune,IP Ranges,20.38.81.0/24,443,TCP,CloudPC,IP range - verify firewall allows TCP 80/443,Intune client and host service (ID 163) - Allow Required,https://learn.microsoft.com/en-us/intune/intune-service/fundamentals/intune-endpoints,Intune;Windows365
Intune,IP Ranges,20.41.1.0/24,443,TCP,CloudPC,IP range - verify firewall allows TCP 80/443,Intune client and host service (ID 163) - Allow Required,https://learn.microsoft.com/en-us/intune/intune-service/fundamentals/intune-endpoints,Intune;Windows365
Intune,IP Ranges,20.42.1.0/24,443,TCP,CloudPC,IP range - verify firewall allows TCP 80/443,Intune client and host service (ID 163) - Allow Required,https://learn.microsoft.com/en-us/intune/intune-service/fundamentals/intune-endpoints,Intune;Windows365
Intune,IP Ranges,20.42.130.0/24,443,TCP,CloudPC,IP range - verify firewall allows TCP 80/443,Intune client and host service (ID 163) - Allow Required,https://learn.microsoft.com/en-us/intune/intune-service/fundamentals/intune-endpoints,Intune;Windows365
Intune,IP Ranges,20.42.224.128/25,443,TCP,CloudPC,IP range - verify firewall allows TCP 80/443,Intune client and host service (ID 163) - Allow Required,https://learn.microsoft.com/en-us/intune/intune-service/fundamentals/intune-endpoints,Intune;Windows365
Intune,IP Ranges,20.43.129.0/24,443,TCP,CloudPC,IP range - verify firewall allows TCP 80/443,Intune client and host service (ID 163) - Allow Required,https://learn.microsoft.com/en-us/intune/intune-service/fundamentals/intune-endpoints,Intune;Windows365
Intune,IP Ranges,20.44.19.224/27,443,TCP,CloudPC,IP range - verify firewall allows TCP 80/443,Intune client and host service (ID 163) - Allow Required,https://learn.microsoft.com/en-us/intune/intune-service/fundamentals/intune-endpoints,Intune;Windows365
Intune,IP Ranges,20.91.147.72/29,443,TCP,CloudPC,IP range - verify firewall allows TCP 80/443,Intune client and host service (ID 163) - Allow Required,https://learn.microsoft.com/en-us/intune/intune-service/fundamentals/intune-endpoints,Intune;Windows365
Intune,IP Ranges,20.168.189.128/27,443,TCP,CloudPC,IP range - verify firewall allows TCP 80/443,Intune client and host service (ID 163) - Allow Required,https://learn.microsoft.com/en-us/intune/intune-service/fundamentals/intune-endpoints,Intune;Windows365
Intune,IP Ranges,20.189.172.160/27,443,TCP,CloudPC,IP range - verify firewall allows TCP 80/443,Intune client and host service (ID 163) - Allow Required,https://learn.microsoft.com/en-us/intune/intune-service/fundamentals/intune-endpoints,Intune;Windows365
Intune,IP Ranges,20.189.229.0/25,443,TCP,CloudPC,IP range - verify firewall allows TCP 80/443,Intune client and host service (ID 163) - Allow Required,https://learn.microsoft.com/en-us/intune/intune-service/fundamentals/intune-endpoints,Intune;Windows365
Intune,IP Ranges,20.191.167.0/25,443,TCP,CloudPC,IP range - verify firewall allows TCP 80/443,Intune client and host service (ID 163) - Allow Required,https://learn.microsoft.com/en-us/intune/intune-service/fundamentals/intune-endpoints,Intune;Windows365
Intune,IP Ranges,20.192.159.40/29,443,TCP,CloudPC,IP range - verify firewall allows TCP 80/443,Intune client and host service (ID 163) - Allow Required,https://learn.microsoft.com/en-us/intune/intune-service/fundamentals/intune-endpoints,Intune;Windows365
Intune,IP Ranges,20.192.174.216/29,443,TCP,CloudPC,IP range - verify firewall allows TCP 80/443,Intune client and host service (ID 163) - Allow Required,https://learn.microsoft.com/en-us/intune/intune-service/fundamentals/intune-endpoints,Intune;Windows365
Intune,IP Ranges,20.199.207.192/28,443,TCP,CloudPC,IP range - verify firewall allows TCP 80/443,Intune client and host service (ID 163) - Allow Required,https://learn.microsoft.com/en-us/intune/intune-service/fundamentals/intune-endpoints,Intune;Windows365
Intune,IP Ranges,20.204.193.10/31,443,TCP,CloudPC,IP range - verify firewall allows TCP 80/443,Intune client and host service (ID 163) - Allow Required,https://learn.microsoft.com/en-us/intune/intune-service/fundamentals/intune-endpoints,Intune;Windows365
Intune,IP Ranges,20.204.193.12/30,443,TCP,CloudPC,IP range - verify firewall allows TCP 80/443,Intune client and host service (ID 163) - Allow Required,https://learn.microsoft.com/en-us/intune/intune-service/fundamentals/intune-endpoints,Intune;Windows365
Intune,IP Ranges,20.204.194.128/31,443,TCP,CloudPC,IP range - verify firewall allows TCP 80/443,Intune client and host service (ID 163) - Allow Required,https://learn.microsoft.com/en-us/intune/intune-service/fundamentals/intune-endpoints,Intune;Windows365
Intune,IP Ranges,20.208.149.192/27,443,TCP,CloudPC,IP range - verify firewall allows TCP 80/443,Intune client and host service (ID 163) - Allow Required,https://learn.microsoft.com/en-us/intune/intune-service/fundamentals/intune-endpoints,Intune;Windows365
Intune,IP Ranges,20.208.157.128/27,443,TCP,CloudPC,IP range - verify firewall allows TCP 80/443,Intune client and host service (ID 163) - Allow Required,https://learn.microsoft.com/en-us/intune/intune-service/fundamentals/intune-endpoints,Intune;Windows365
Intune,IP Ranges,20.214.131.176/29,443,TCP,CloudPC,IP range - verify firewall allows TCP 80/443,Intune client and host service (ID 163) - Allow Required,https://learn.microsoft.com/en-us/intune/intune-service/fundamentals/intune-endpoints,Intune;Windows365
Intune,IP Ranges,40.67.121.224/27,443,TCP,CloudPC,IP range - verify firewall allows TCP 80/443,Intune client and host service (ID 163) - Allow Required,https://learn.microsoft.com/en-us/intune/intune-service/fundamentals/intune-endpoints,Intune;Windows365
Intune,IP Ranges,40.70.151.32/28,443,TCP,CloudPC,IP range - verify firewall allows TCP 80/443,Intune client and host service (ID 163) - Allow Required,https://learn.microsoft.com/en-us/intune/intune-service/fundamentals/intune-endpoints,Intune;Windows365
Intune,IP Ranges,40.71.14.96/28,443,TCP,CloudPC,IP range - verify firewall allows TCP 80/443,Intune client and host service (ID 163) - Allow Required,https://learn.microsoft.com/en-us/intune/intune-service/fundamentals/intune-endpoints,Intune;Windows365
Intune,IP Ranges,40.74.25.0/24,443,TCP,CloudPC,IP range - verify firewall allows TCP 80/443,Intune client and host service (ID 163) - Allow Required,https://learn.microsoft.com/en-us/intune/intune-service/fundamentals/intune-endpoints,Intune;Windows365
Intune,IP Ranges,40.78.245.240/28,443,TCP,CloudPC,IP range - verify firewall allows TCP 80/443,Intune client and host service (ID 163) - Allow Required,https://learn.microsoft.com/en-us/intune/intune-service/fundamentals/intune-endpoints,Intune;Windows365
Intune,IP Ranges,40.78.247.128/27,443,TCP,CloudPC,IP range - verify firewall allows TCP 80/443,Intune client and host service (ID 163) - Allow Required,https://learn.microsoft.com/en-us/intune/intune-service/fundamentals/intune-endpoints,Intune;Windows365
Intune,IP Ranges,40.79.197.64/27,443,TCP,CloudPC,IP range - verify firewall allows TCP 80/443,Intune client and host service (ID 163) - Allow Required,https://learn.microsoft.com/en-us/intune/intune-service/fundamentals/intune-endpoints,Intune;Windows365
Intune,IP Ranges,40.79.197.96/28,443,TCP,CloudPC,IP range - verify firewall allows TCP 80/443,Intune client and host service (ID 163) - Allow Required,https://learn.microsoft.com/en-us/intune/intune-service/fundamentals/intune-endpoints,Intune;Windows365
Intune,IP Ranges,40.80.180.208/28,443,TCP,CloudPC,IP range - verify firewall allows TCP 80/443,Intune client and host service (ID 163) - Allow Required,https://learn.microsoft.com/en-us/intune/intune-service/fundamentals/intune-endpoints,Intune;Windows365
Intune,IP Ranges,40.80.180.224/27,443,TCP,CloudPC,IP range - verify firewall allows TCP 80/443,Intune client and host service (ID 163) - Allow Required,https://learn.microsoft.com/en-us/intune/intune-service/fundamentals/intune-endpoints,Intune;Windows365
Intune,IP Ranges,40.80.184.128/25,443,TCP,CloudPC,IP range - verify firewall allows TCP 80/443,Intune client and host service (ID 163) - Allow Required,https://learn.microsoft.com/en-us/intune/intune-service/fundamentals/intune-endpoints,Intune;Windows365
Intune,IP Ranges,40.82.248.224/28,443,TCP,CloudPC,IP range - verify firewall allows TCP 80/443,Intune client and host service (ID 163) - Allow Required,https://learn.microsoft.com/en-us/intune/intune-service/fundamentals/intune-endpoints,Intune;Windows365
Intune,IP Ranges,40.82.249.128/25,443,TCP,CloudPC,IP range - verify firewall allows TCP 80/443,Intune client and host service (ID 163) - Allow Required,https://learn.microsoft.com/en-us/intune/intune-service/fundamentals/intune-endpoints,Intune;Windows365
Intune,IP Ranges,40.84.70.128/25,443,TCP,CloudPC,IP range - verify firewall allows TCP 80/443,Intune client and host service (ID 163) - Allow Required,https://learn.microsoft.com/en-us/intune/intune-service/fundamentals/intune-endpoints,Intune;Windows365
Intune,IP Ranges,40.119.8.128/25,443,TCP,CloudPC,IP range - verify firewall allows TCP 80/443,Intune client and host service (ID 163) - Allow Required,https://learn.microsoft.com/en-us/intune/intune-service/fundamentals/intune-endpoints,Intune;Windows365
Intune,IP Ranges,48.218.252.128/25,443,TCP,CloudPC,IP range - verify firewall allows TCP 80/443,Intune client and host service (ID 163) - Allow Required,https://learn.microsoft.com/en-us/intune/intune-service/fundamentals/intune-endpoints,Intune;Windows365
Intune,IP Ranges,52.150.137.0/25,443,TCP,CloudPC,IP range - verify firewall allows TCP 80/443,Intune client and host service (ID 163) - Allow Required,https://learn.microsoft.com/en-us/intune/intune-service/fundamentals/intune-endpoints,Intune;Windows365
Intune,IP Ranges,52.162.111.96/28,443,TCP,CloudPC,IP range - verify firewall allows TCP 80/443,Intune client and host service (ID 163) - Allow Required,https://learn.microsoft.com/en-us/intune/intune-service/fundamentals/intune-endpoints,Intune;Windows365
Intune,IP Ranges,52.168.116.128/27,443,TCP,CloudPC,IP range - verify firewall allows TCP 80/443,Intune client and host service (ID 163) - Allow Required,https://learn.microsoft.com/en-us/intune/intune-service/fundamentals/intune-endpoints,Intune;Windows365
Intune,IP Ranges,52.182.141.192/27,443,TCP,CloudPC,IP range - verify firewall allows TCP 80/443,Intune client and host service (ID 163) - Allow Required,https://learn.microsoft.com/en-us/intune/intune-service/fundamentals/intune-endpoints,Intune;Windows365
Intune,IP Ranges,52.236.189.96/27,443,TCP,CloudPC,IP range - verify firewall allows TCP 80/443,Intune client and host service (ID 163) - Allow Required,https://learn.microsoft.com/en-us/intune/intune-service/fundamentals/intune-endpoints,Intune;Windows365
Intune,IP Ranges,52.240.244.160/27,443,TCP,CloudPC,IP range - verify firewall allows TCP 80/443,Intune client and host service (ID 163) - Allow Required,https://learn.microsoft.com/en-us/intune/intune-service/fundamentals/intune-endpoints,Intune;Windows365
Intune,IP Ranges,57.151.0.192/27,443,TCP,CloudPC,IP range - verify firewall allows TCP 80/443,Intune client and host service (ID 163) - Allow Required,https://learn.microsoft.com/en-us/intune/intune-service/fundamentals/intune-endpoints,Intune;Windows365
Intune,IP Ranges,57.153.235.0/25,443,TCP,CloudPC,IP range - verify firewall allows TCP 80/443,Intune client and host service (ID 163) - Allow Required,https://learn.microsoft.com/en-us/intune/intune-service/fundamentals/intune-endpoints,Intune;Windows365
Intune,IP Ranges,57.154.140.128/25,443,TCP,CloudPC,IP range - verify firewall allows TCP 80/443,Intune client and host service (ID 163) - Allow Required,https://learn.microsoft.com/en-us/intune/intune-service/fundamentals/intune-endpoints,Intune;Windows365
Intune,IP Ranges,57.154.195.0/25,443,TCP,CloudPC,IP range - verify firewall allows TCP 80/443,Intune client and host service (ID 163) - Allow Required,https://learn.microsoft.com/en-us/intune/intune-service/fundamentals/intune-endpoints,Intune;Windows365
Intune,IP Ranges,57.155.45.128/25,443,TCP,CloudPC,IP range - verify firewall allows TCP 80/443,Intune client and host service (ID 163) - Allow Required,https://learn.microsoft.com/en-us/intune/intune-service/fundamentals/intune-endpoints,Intune;Windows365
Intune,IP Ranges,68.218.134.96/27,443,TCP,CloudPC,IP range - verify firewall allows TCP 80/443,Intune client and host service (ID 163) - Allow Required,https://learn.microsoft.com/en-us/intune/intune-service/fundamentals/intune-endpoints,Intune;Windows365
Intune,IP Ranges,74.224.214.64/27,443,TCP,CloudPC,IP range - verify firewall allows TCP 80/443,Intune client and host service (ID 163) - Allow Required,https://learn.microsoft.com/en-us/intune/intune-service/fundamentals/intune-endpoints,Intune;Windows365
Intune,IP Ranges,74.242.35.0/25,443,TCP,CloudPC,IP range - verify firewall allows TCP 80/443,Intune client and host service (ID 163) - Allow Required,https://learn.microsoft.com/en-us/intune/intune-service/fundamentals/intune-endpoints,Intune;Windows365
Intune,IP Ranges,104.46.162.96/27,443,TCP,CloudPC,IP range - verify firewall allows TCP 80/443,Intune client and host service (ID 163) - Allow Required,https://learn.microsoft.com/en-us/intune/intune-service/fundamentals/intune-endpoints,Intune;Windows365
Intune,IP Ranges,104.208.197.64/27,443,TCP,CloudPC,IP range - verify firewall allows TCP 80/443,Intune client and host service (ID 163) - Allow Required,https://learn.microsoft.com/en-us/intune/intune-service/fundamentals/intune-endpoints,Intune;Windows365
Intune,IP Ranges,172.160.217.160/27,443,TCP,CloudPC,IP range - verify firewall allows TCP 80/443,Intune client and host service (ID 163) - Allow Required,https://learn.microsoft.com/en-us/intune/intune-service/fundamentals/intune-endpoints,Intune;Windows365
Intune,IP Ranges,172.201.237.160/27,443,TCP,CloudPC,IP range - verify firewall allows TCP 80/443,Intune client and host service (ID 163) - Allow Required,https://learn.microsoft.com/en-us/intune/intune-service/fundamentals/intune-endpoints,Intune;Windows365
Intune,IP Ranges,172.202.86.192/27,443,TCP,CloudPC,IP range - verify firewall allows TCP 80/443,Intune client and host service (ID 163) - Allow Required,https://learn.microsoft.com/en-us/intune/intune-service/fundamentals/intune-endpoints,Intune;Windows365
Intune,IP Ranges,172.205.63.0/25,443,TCP,CloudPC,IP range - verify firewall allows TCP 80/443,Intune client and host service (ID 163) - Allow Required,https://learn.microsoft.com/en-us/intune/intune-service/fundamentals/intune-endpoints,Intune;Windows365
Intune,IP Ranges,172.212.214.0/25,443,TCP,CloudPC,IP range - verify firewall allows TCP 80/443,Intune client and host service (ID 163) - Allow Required,https://learn.microsoft.com/en-us/intune/intune-service/fundamentals/intune-endpoints,Intune;Windows365
Intune,IP Ranges,172.215.131.0/27,443,TCP,CloudPC,IP range - verify firewall allows TCP 80/443,Intune client and host service (ID 163) - Allow Required,https://learn.microsoft.com/en-us/intune/intune-service/fundamentals/intune-endpoints,Intune;Windows365
Intune,IP Ranges - Azure Front Door,13.107.219.0/24,443,TCP,CloudPC,IP range - verify firewall allows TCP 80/443,Intune Azure Front Door endpoint - Allow Required,https://learn.microsoft.com/en-us/intune/intune-service/fundamentals/intune-endpoints,Intune;Windows365
Intune,IP Ranges - Azure Front Door,13.107.227.0/24,443,TCP,CloudPC,IP range - verify firewall allows TCP 80/443,Intune Azure Front Door endpoint - Allow Required,https://learn.microsoft.com/en-us/intune/intune-service/fundamentals/intune-endpoints,Intune;Windows365
Intune,IP Ranges - Azure Front Door,13.107.228.0/23,443,TCP,CloudPC,IP range - verify firewall allows TCP 80/443,Intune Azure Front Door endpoint - Allow Required,https://learn.microsoft.com/en-us/intune/intune-service/fundamentals/intune-endpoints,Intune;Windows365
Intune,IP Ranges - Azure Front Door,150.171.97.0/24,443,TCP,CloudPC,IP range - verify firewall allows TCP 80/443,Intune Azure Front Door endpoint - Allow Required,https://learn.microsoft.com/en-us/intune/intune-service/fundamentals/intune-endpoints,Intune;Windows365
Intune,IP Ranges - IPv6,2620:1ec:40::/48,443,TCP,CloudPC,IP range - verify firewall allows IPv6,Intune IPv6 range - Allow Required,https://learn.microsoft.com/en-us/intune/intune-service/fundamentals/intune-endpoints,Intune;Windows365
Intune,IP Ranges - IPv6,2620:1ec:49::/48,443,TCP,CloudPC,IP range - verify firewall allows IPv6,Intune IPv6 range - Allow Required,https://learn.microsoft.com/en-us/intune/intune-service/fundamentals/intune-endpoints,Intune;Windows365
Intune,IP Ranges - IPv6,2620:1ec:4a::/47,443,TCP,CloudPC,IP range - verify firewall allows IPv6,Intune IPv6 range - Allow Required,https://learn.microsoft.com/en-us/intune/intune-service/fundamentals/intune-endpoints,Intune;Windows365
Intune,IP Ranges,4.145.74.224/27,80,TCP,CloudPC,IP range - verify firewall allows TCP 80/443,Intune client and host service (ID 163) - Allow Required,https://learn.microsoft.com/en-us/intune/intune-service/fundamentals/intune-endpoints,Intune;Windows365
Intune,IP Ranges,4.150.254.64/27,80,TCP,CloudPC,IP range - verify firewall allows TCP 80/443,Intune client and host service (ID 163) - Allow Required,https://learn.microsoft.com/en-us/intune/intune-service/fundamentals/intune-endpoints,Intune;Windows365
Intune,IP Ranges,4.154.145.224/27,80,TCP,CloudPC,IP range - verify firewall allows TCP 80/443,Intune client and host service (ID 163) - Allow Required,https://learn.microsoft.com/en-us/intune/intune-service/fundamentals/intune-endpoints,Intune;Windows365
Intune,IP Ranges,4.200.254.32/27,80,TCP,CloudPC,IP range - verify firewall allows TCP 80/443,Intune client and host service (ID 163) - Allow Required,https://learn.microsoft.com/en-us/intune/intune-service/fundamentals/intune-endpoints,Intune;Windows365
Intune,IP Ranges,4.207.244.0/27,80,TCP,CloudPC,IP range - verify firewall allows TCP 80/443,Intune client and host service (ID 163) - Allow Required,https://learn.microsoft.com/en-us/intune/intune-service/fundamentals/intune-endpoints,Intune;Windows365
Intune,IP Ranges,4.213.25.64/27,80,TCP,CloudPC,IP range - verify firewall allows TCP 80/443,Intune client and host service (ID 163) - Allow Required,https://learn.microsoft.com/en-us/intune/intune-service/fundamentals/intune-endpoints,Intune;Windows365
Intune,IP Ranges,4.213.86.128/25,80,TCP,CloudPC,IP range - verify firewall allows TCP 80/443,Intune client and host service (ID 163) - Allow Required,https://learn.microsoft.com/en-us/intune/intune-service/fundamentals/intune-endpoints,Intune;Windows365
Intune,IP Ranges,4.216.205.32/27,80,TCP,CloudPC,IP range - verify firewall allows TCP 80/443,Intune client and host service (ID 163) - Allow Required,https://learn.microsoft.com/en-us/intune/intune-service/fundamentals/intune-endpoints,Intune;Windows365
Intune,IP Ranges,4.237.143.128/25,80,TCP,CloudPC,IP range - verify firewall allows TCP 80/443,Intune client and host service (ID 163) - Allow Required,https://learn.microsoft.com/en-us/intune/intune-service/fundamentals/intune-endpoints,Intune;Windows365
Intune,IP Ranges,13.67.13.176/28,80,TCP,CloudPC,IP range - verify firewall allows TCP 80/443,Intune client and host service (ID 163) - Allow Required,https://learn.microsoft.com/en-us/intune/intune-service/fundamentals/intune-endpoints,Intune;Windows365
Intune,IP Ranges,13.67.15.128/27,80,TCP,CloudPC,IP range - verify firewall allows TCP 80/443,Intune client and host service (ID 163) - Allow Required,https://learn.microsoft.com/en-us/intune/intune-service/fundamentals/intune-endpoints,Intune;Windows365
Intune,IP Ranges,13.69.67.224/28,80,TCP,CloudPC,IP range - verify firewall allows TCP 80/443,Intune client and host service (ID 163) - Allow Required,https://learn.microsoft.com/en-us/intune/intune-service/fundamentals/intune-endpoints,Intune;Windows365
Intune,IP Ranges,13.69.231.128/28,80,TCP,CloudPC,IP range - verify firewall allows TCP 80/443,Intune client and host service (ID 163) - Allow Required,https://learn.microsoft.com/en-us/intune/intune-service/fundamentals/intune-endpoints,Intune;Windows365
Intune,IP Ranges,13.70.78.128/28,80,TCP,CloudPC,IP range - verify firewall allows TCP 80/443,Intune client and host service (ID 163) - Allow Required,https://learn.microsoft.com/en-us/intune/intune-service/fundamentals/intune-endpoints,Intune;Windows365
Intune,IP Ranges,13.70.79.128/27,80,TCP,CloudPC,IP range - verify firewall allows TCP 80/443,Intune client and host service (ID 163) - Allow Required,https://learn.microsoft.com/en-us/intune/intune-service/fundamentals/intune-endpoints,Intune;Windows365
Intune,IP Ranges,13.74.111.192/27,80,TCP,CloudPC,IP range - verify firewall allows TCP 80/443,Intune client and host service (ID 163) - Allow Required,https://learn.microsoft.com/en-us/intune/intune-service/fundamentals/intune-endpoints,Intune;Windows365
Intune,IP Ranges,13.77.53.176/28,80,TCP,CloudPC,IP range - verify firewall allows TCP 80/443,Intune client and host service (ID 163) - Allow Required,https://learn.microsoft.com/en-us/intune/intune-service/fundamentals/intune-endpoints,Intune;Windows365
Intune,IP Ranges,13.86.221.176/28,80,TCP,CloudPC,IP range - verify firewall allows TCP 80/443,Intune client and host service (ID 163) - Allow Required,https://learn.microsoft.com/en-us/intune/intune-service/fundamentals/intune-endpoints,Intune;Windows365
Intune,IP Ranges,13.89.174.240/28,80,TCP,CloudPC,IP range - verify firewall allows TCP 80/443,Intune client and host service (ID 163) - Allow Required,https://learn.microsoft.com/en-us/intune/intune-service/fundamentals/intune-endpoints,Intune;Windows365
Intune,IP Ranges,13.89.175.192/28,80,TCP,CloudPC,IP range - verify firewall allows TCP 80/443,Intune client and host service (ID 163) - Allow Required,https://learn.microsoft.com/en-us/intune/intune-service/fundamentals/intune-endpoints,Intune;Windows365
Intune,IP Ranges,20.37.153.0/24,80,TCP,CloudPC,IP range - verify firewall allows TCP 80/443,Intune client and host service (ID 163) - Allow Required,https://learn.microsoft.com/en-us/intune/intune-service/fundamentals/intune-endpoints,Intune;Windows365
Intune,IP Ranges,20.37.192.128/25,80,TCP,CloudPC,IP range - verify firewall allows TCP 80/443,Intune client and host service (ID 163) - Allow Required,https://learn.microsoft.com/en-us/intune/intune-service/fundamentals/intune-endpoints,Intune;Windows365
Intune,IP Ranges,20.38.81.0/24,80,TCP,CloudPC,IP range - verify firewall allows TCP 80/443,Intune client and host service (ID 163) - Allow Required,https://learn.microsoft.com/en-us/intune/intune-service/fundamentals/intune-endpoints,Intune;Windows365
Intune,IP Ranges,20.41.1.0/24,80,TCP,CloudPC,IP range - verify firewall allows TCP 80/443,Intune client and host service (ID 163) - Allow Required,https://learn.microsoft.com/en-us/intune/intune-service/fundamentals/intune-endpoints,Intune;Windows365
Intune,IP Ranges,20.42.1.0/24,80,TCP,CloudPC,IP range - verify firewall allows TCP 80/443,Intune client and host service (ID 163) - Allow Required,https://learn.microsoft.com/en-us/intune/intune-service/fundamentals/intune-endpoints,Intune;Windows365
Intune,IP Ranges,20.42.130.0/24,80,TCP,CloudPC,IP range - verify firewall allows TCP 80/443,Intune client and host service (ID 163) - Allow Required,https://learn.microsoft.com/en-us/intune/intune-service/fundamentals/intune-endpoints,Intune;Windows365
Intune,IP Ranges,20.42.224.128/25,80,TCP,CloudPC,IP range - verify firewall allows TCP 80/443,Intune client and host service (ID 163) - Allow Required,https://learn.microsoft.com/en-us/intune/intune-service/fundamentals/intune-endpoints,Intune;Windows365
Intune,IP Ranges,20.43.129.0/24,80,TCP,CloudPC,IP range - verify firewall allows TCP 80/443,Intune client and host service (ID 163) - Allow Required,https://learn.microsoft.com/en-us/intune/intune-service/fundamentals/intune-endpoints,Intune;Windows365
Intune,IP Ranges,20.44.19.224/27,80,TCP,CloudPC,IP range - verify firewall allows TCP 80/443,Intune client and host service (ID 163) - Allow Required,https://learn.microsoft.com/en-us/intune/intune-service/fundamentals/intune-endpoints,Intune;Windows365
Intune,IP Ranges,20.91.147.72/29,80,TCP,CloudPC,IP range - verify firewall allows TCP 80/443,Intune client and host service (ID 163) - Allow Required,https://learn.microsoft.com/en-us/intune/intune-service/fundamentals/intune-endpoints,Intune;Windows365
Intune,IP Ranges,20.168.189.128/27,80,TCP,CloudPC,IP range - verify firewall allows TCP 80/443,Intune client and host service (ID 163) - Allow Required,https://learn.microsoft.com/en-us/intune/intune-service/fundamentals/intune-endpoints,Intune;Windows365
Intune,IP Ranges,20.189.172.160/27,80,TCP,CloudPC,IP range - verify firewall allows TCP 80/443,Intune client and host service (ID 163) - Allow Required,https://learn.microsoft.com/en-us/intune/intune-service/fundamentals/intune-endpoints,Intune;Windows365
Intune,IP Ranges,20.189.229.0/25,80,TCP,CloudPC,IP range - verify firewall allows TCP 80/443,Intune client and host service (ID 163) - Allow Required,https://learn.microsoft.com/en-us/intune/intune-service/fundamentals/intune-endpoints,Intune;Windows365
Intune,IP Ranges,20.191.167.0/25,80,TCP,CloudPC,IP range - verify firewall allows TCP 80/443,Intune client and host service (ID 163) - Allow Required,https://learn.microsoft.com/en-us/intune/intune-service/fundamentals/intune-endpoints,Intune;Windows365
Intune,IP Ranges,20.192.159.40/29,80,TCP,CloudPC,IP range - verify firewall allows TCP 80/443,Intune client and host service (ID 163) - Allow Required,https://learn.microsoft.com/en-us/intune/intune-service/fundamentals/intune-endpoints,Intune;Windows365
Intune,IP Ranges,20.192.174.216/29,80,TCP,CloudPC,IP range - verify firewall allows TCP 80/443,Intune client and host service (ID 163) - Allow Required,https://learn.microsoft.com/en-us/intune/intune-service/fundamentals/intune-endpoints,Intune;Windows365
Intune,IP Ranges,20.199.207.192/28,80,TCP,CloudPC,IP range - verify firewall allows TCP 80/443,Intune client and host service (ID 163) - Allow Required,https://learn.microsoft.com/en-us/intune/intune-service/fundamentals/intune-endpoints,Intune;Windows365
Intune,IP Ranges,20.204.193.10/31,80,TCP,CloudPC,IP range - verify firewall allows TCP 80/443,Intune client and host service (ID 163) - Allow Required,https://learn.microsoft.com/en-us/intune/intune-service/fundamentals/intune-endpoints,Intune;Windows365
Intune,IP Ranges,20.204.193.12/30,80,TCP,CloudPC,IP range - verify firewall allows TCP 80/443,Intune client and host service (ID 163) - Allow Required,https://learn.microsoft.com/en-us/intune/intune-service/fundamentals/intune-endpoints,Intune;Windows365
Intune,IP Ranges,20.204.194.128/31,80,TCP,CloudPC,IP range - verify firewall allows TCP 80/443,Intune client and host service (ID 163) - Allow Required,https://learn.microsoft.com/en-us/intune/intune-service/fundamentals/intune-endpoints,Intune;Windows365
Intune,IP Ranges,20.208.149.192/27,80,TCP,CloudPC,IP range - verify firewall allows TCP 80/443,Intune client and host service (ID 163) - Allow Required,https://learn.microsoft.com/en-us/intune/intune-service/fundamentals/intune-endpoints,Intune;Windows365
Intune,IP Ranges,20.208.157.128/27,80,TCP,CloudPC,IP range - verify firewall allows TCP 80/443,Intune client and host service (ID 163) - Allow Required,https://learn.microsoft.com/en-us/intune/intune-service/fundamentals/intune-endpoints,Intune;Windows365
Intune,IP Ranges,20.214.131.176/29,80,TCP,CloudPC,IP range - verify firewall allows TCP 80/443,Intune client and host service (ID 163) - Allow Required,https://learn.microsoft.com/en-us/intune/intune-service/fundamentals/intune-endpoints,Intune;Windows365
Intune,IP Ranges,40.67.121.224/27,80,TCP,CloudPC,IP range - verify firewall allows TCP 80/443,Intune client and host service (ID 163) - Allow Required,https://learn.microsoft.com/en-us/intune/intune-service/fundamentals/intune-endpoints,Intune;Windows365
Intune,IP Ranges,40.70.151.32/28,80,TCP,CloudPC,IP range - verify firewall allows TCP 80/443,Intune client and host service (ID 163) - Allow Required,https://learn.microsoft.com/en-us/intune/intune-service/fundamentals/intune-endpoints,Intune;Windows365
Intune,IP Ranges,40.71.14.96/28,80,TCP,CloudPC,IP range - verify firewall allows TCP 80/443,Intune client and host service (ID 163) - Allow Required,https://learn.microsoft.com/en-us/intune/intune-service/fundamentals/intune-endpoints,Intune;Windows365
Intune,IP Ranges,40.74.25.0/24,80,TCP,CloudPC,IP range - verify firewall allows TCP 80/443,Intune client and host service (ID 163) - Allow Required,https://learn.microsoft.com/en-us/intune/intune-service/fundamentals/intune-endpoints,Intune;Windows365
Intune,IP Ranges,40.78.245.240/28,80,TCP,CloudPC,IP range - verify firewall allows TCP 80/443,Intune client and host service (ID 163) - Allow Required,https://learn.microsoft.com/en-us/intune/intune-service/fundamentals/intune-endpoints,Intune;Windows365
Intune,IP Ranges,40.78.247.128/27,80,TCP,CloudPC,IP range - verify firewall allows TCP 80/443,Intune client and host service (ID 163) - Allow Required,https://learn.microsoft.com/en-us/intune/intune-service/fundamentals/intune-endpoints,Intune;Windows365
Intune,IP Ranges,40.79.197.64/27,80,TCP,CloudPC,IP range - verify firewall allows TCP 80/443,Intune client and host service (ID 163) - Allow Required,https://learn.microsoft.com/en-us/intune/intune-service/fundamentals/intune-endpoints,Intune;Windows365
Intune,IP Ranges,40.79.197.96/28,80,TCP,CloudPC,IP range - verify firewall allows TCP 80/443,Intune client and host service (ID 163) - Allow Required,https://learn.microsoft.com/en-us/intune/intune-service/fundamentals/intune-endpoints,Intune;Windows365
Intune,IP Ranges,40.80.180.208/28,80,TCP,CloudPC,IP range - verify firewall allows TCP 80/443,Intune client and host service (ID 163) - Allow Required,https://learn.microsoft.com/en-us/intune/intune-service/fundamentals/intune-endpoints,Intune;Windows365
Intune,IP Ranges,40.80.180.224/27,80,TCP,CloudPC,IP range - verify firewall allows TCP 80/443,Intune client and host service (ID 163) - Allow Required,https://learn.microsoft.com/en-us/intune/intune-service/fundamentals/intune-endpoints,Intune;Windows365
Intune,IP Ranges,40.80.184.128/25,80,TCP,CloudPC,IP range - verify firewall allows TCP 80/443,Intune client and host service (ID 163) - Allow Required,https://learn.microsoft.com/en-us/intune/intune-service/fundamentals/intune-endpoints,Intune;Windows365
Intune,IP Ranges,40.82.248.224/28,80,TCP,CloudPC,IP range - verify firewall allows TCP 80/443,Intune client and host service (ID 163) - Allow Required,https://learn.microsoft.com/en-us/intune/intune-service/fundamentals/intune-endpoints,Intune;Windows365
Intune,IP Ranges,40.82.249.128/25,80,TCP,CloudPC,IP range - verify firewall allows TCP 80/443,Intune client and host service (ID 163) - Allow Required,https://learn.microsoft.com/en-us/intune/intune-service/fundamentals/intune-endpoints,Intune;Windows365
Intune,IP Ranges,40.84.70.128/25,80,TCP,CloudPC,IP range - verify firewall allows TCP 80/443,Intune client and host service (ID 163) - Allow Required,https://learn.microsoft.com/en-us/intune/intune-service/fundamentals/intune-endpoints,Intune;Windows365
Intune,IP Ranges,40.119.8.128/25,80,TCP,CloudPC,IP range - verify firewall allows TCP 80/443,Intune client and host service (ID 163) - Allow Required,https://learn.microsoft.com/en-us/intune/intune-service/fundamentals/intune-endpoints,Intune;Windows365
Intune,IP Ranges,48.218.252.128/25,80,TCP,CloudPC,IP range - verify firewall allows TCP 80/443,Intune client and host service (ID 163) - Allow Required,https://learn.microsoft.com/en-us/intune/intune-service/fundamentals/intune-endpoints,Intune;Windows365
Intune,IP Ranges,52.150.137.0/25,80,TCP,CloudPC,IP range - verify firewall allows TCP 80/443,Intune client and host service (ID 163) - Allow Required,https://learn.microsoft.com/en-us/intune/intune-service/fundamentals/intune-endpoints,Intune;Windows365
Intune,IP Ranges,52.162.111.96/28,80,TCP,CloudPC,IP range - verify firewall allows TCP 80/443,Intune client and host service (ID 163) - Allow Required,https://learn.microsoft.com/en-us/intune/intune-service/fundamentals/intune-endpoints,Intune;Windows365
Intune,IP Ranges,52.168.116.128/27,80,TCP,CloudPC,IP range - verify firewall allows TCP 80/443,Intune client and host service (ID 163) - Allow Required,https://learn.microsoft.com/en-us/intune/intune-service/fundamentals/intune-endpoints,Intune;Windows365
Intune,IP Ranges,52.182.141.192/27,80,TCP,CloudPC,IP range - verify firewall allows TCP 80/443,Intune client and host service (ID 163) - Allow Required,https://learn.microsoft.com/en-us/intune/intune-service/fundamentals/intune-endpoints,Intune;Windows365
Intune,IP Ranges,52.236.189.96/27,80,TCP,CloudPC,IP range - verify firewall allows TCP 80/443,Intune client and host service (ID 163) - Allow Required,https://learn.microsoft.com/en-us/intune/intune-service/fundamentals/intune-endpoints,Intune;Windows365
Intune,IP Ranges,52.240.244.160/27,80,TCP,CloudPC,IP range - verify firewall allows TCP 80/443,Intune client and host service (ID 163) - Allow Required,https://learn.microsoft.com/en-us/intune/intune-service/fundamentals/intune-endpoints,Intune;Windows365
Intune,IP Ranges,57.151.0.192/27,80,TCP,CloudPC,IP range - verify firewall allows TCP 80/443,Intune client and host service (ID 163) - Allow Required,https://learn.microsoft.com/en-us/intune/intune-service/fundamentals/intune-endpoints,Intune;Windows365
Intune,IP Ranges,57.153.235.0/25,80,TCP,CloudPC,IP range - verify firewall allows TCP 80/443,Intune client and host service (ID 163) - Allow Required,https://learn.microsoft.com/en-us/intune/intune-service/fundamentals/intune-endpoints,Intune;Windows365
Intune,IP Ranges,57.154.140.128/25,80,TCP,CloudPC,IP range - verify firewall allows TCP 80/443,Intune client and host service (ID 163) - Allow Required,https://learn.microsoft.com/en-us/intune/intune-service/fundamentals/intune-endpoints,Intune;Windows365
Intune,IP Ranges,57.154.195.0/25,80,TCP,CloudPC,IP range - verify firewall allows TCP 80/443,Intune client and host service (ID 163) - Allow Required,https://learn.microsoft.com/en-us/intune/intune-service/fundamentals/intune-endpoints,Intune;Windows365
Intune,IP Ranges,57.155.45.128/25,80,TCP,CloudPC,IP range - verify firewall allows TCP 80/443,Intune client and host service (ID 163) - Allow Required,https://learn.microsoft.com/en-us/intune/intune-service/fundamentals/intune-endpoints,Intune;Windows365
Intune,IP Ranges,68.218.134.96/27,80,TCP,CloudPC,IP range - verify firewall allows TCP 80/443,Intune client and host service (ID 163) - Allow Required,https://learn.microsoft.com/en-us/intune/intune-service/fundamentals/intune-endpoints,Intune;Windows365
Intune,IP Ranges,74.224.214.64/27,80,TCP,CloudPC,IP range - verify firewall allows TCP 80/443,Intune client and host service (ID 163) - Allow Required,https://learn.microsoft.com/en-us/intune/intune-service/fundamentals/intune-endpoints,Intune;Windows365
Intune,IP Ranges,74.242.35.0/25,80,TCP,CloudPC,IP range - verify firewall allows TCP 80/443,Intune client and host service (ID 163) - Allow Required,https://learn.microsoft.com/en-us/intune/intune-service/fundamentals/intune-endpoints,Intune;Windows365
Intune,IP Ranges,104.46.162.96/27,80,TCP,CloudPC,IP range - verify firewall allows TCP 80/443,Intune client and host service (ID 163) - Allow Required,https://learn.microsoft.com/en-us/intune/intune-service/fundamentals/intune-endpoints,Intune;Windows365
Intune,IP Ranges,104.208.197.64/27,80,TCP,CloudPC,IP range - verify firewall allows TCP 80/443,Intune client and host service (ID 163) - Allow Required,https://learn.microsoft.com/en-us/intune/intune-service/fundamentals/intune-endpoints,Intune;Windows365
Intune,IP Ranges,172.160.217.160/27,80,TCP,CloudPC,IP range - verify firewall allows TCP 80/443,Intune client and host service (ID 163) - Allow Required,https://learn.microsoft.com/en-us/intune/intune-service/fundamentals/intune-endpoints,Intune;Windows365
Intune,IP Ranges,172.201.237.160/27,80,TCP,CloudPC,IP range - verify firewall allows TCP 80/443,Intune client and host service (ID 163) - Allow Required,https://learn.microsoft.com/en-us/intune/intune-service/fundamentals/intune-endpoints,Intune;Windows365
Intune,IP Ranges,172.202.86.192/27,80,TCP,CloudPC,IP range - verify firewall allows TCP 80/443,Intune client and host service (ID 163) - Allow Required,https://learn.microsoft.com/en-us/intune/intune-service/fundamentals/intune-endpoints,Intune;Windows365
Intune,IP Ranges,172.205.63.0/25,80,TCP,CloudPC,IP range - verify firewall allows TCP 80/443,Intune client and host service (ID 163) - Allow Required,https://learn.microsoft.com/en-us/intune/intune-service/fundamentals/intune-endpoints,Intune;Windows365
Intune,IP Ranges,172.212.214.0/25,80,TCP,CloudPC,IP range - verify firewall allows TCP 80/443,Intune client and host service (ID 163) - Allow Required,https://learn.microsoft.com/en-us/intune/intune-service/fundamentals/intune-endpoints,Intune;Windows365
Intune,IP Ranges,172.215.131.0/27,80,TCP,CloudPC,IP range - verify firewall allows TCP 80/443,Intune client and host service (ID 163) - Allow Required,https://learn.microsoft.com/en-us/intune/intune-service/fundamentals/intune-endpoints,Intune;Windows365
Intune,IP Ranges - Azure Front Door,13.107.219.0/24,80,TCP,CloudPC,IP range - verify firewall allows TCP 80/443,Intune Azure Front Door endpoint - Allow Required,https://learn.microsoft.com/en-us/intune/intune-service/fundamentals/intune-endpoints,Intune;Windows365
Intune,IP Ranges - Azure Front Door,13.107.227.0/24,80,TCP,CloudPC,IP range - verify firewall allows TCP 80/443,Intune Azure Front Door endpoint - Allow Required,https://learn.microsoft.com/en-us/intune/intune-service/fundamentals/intune-endpoints,Intune;Windows365
Intune,IP Ranges - Azure Front Door,13.107.228.0/23,80,TCP,CloudPC,IP range - verify firewall allows TCP 80/443,Intune Azure Front Door endpoint - Allow Required,https://learn.microsoft.com/en-us/intune/intune-service/fundamentals/intune-endpoints,Intune;Windows365
Intune,IP Ranges - Azure Front Door,150.171.97.0/24,80,TCP,CloudPC,IP range - verify firewall allows TCP 80/443,Intune Azure Front Door endpoint - Allow Required,https://learn.microsoft.com/en-us/intune/intune-service/fundamentals/intune-endpoints,Intune;Windows365
Intune,IP Ranges - IPv6,2620:1ec:40::/48,80,TCP,CloudPC,IP range - verify firewall allows IPv6,Intune IPv6 range - Allow Required,https://learn.microsoft.com/en-us/intune/intune-service/fundamentals/intune-endpoints,Intune;Windows365
Intune,IP Ranges - IPv6,2620:1ec:49::/48,80,TCP,CloudPC,IP range - verify firewall allows IPv6,Intune IPv6 range - Allow Required,https://learn.microsoft.com/en-us/intune/intune-service/fundamentals/intune-endpoints,Intune;Windows365
Intune,IP Ranges - IPv6,2620:1ec:4a::/47,80,TCP,CloudPC,IP range - verify firewall allows IPv6,Intune IPv6 range - Allow Required,https://learn.microsoft.com/en-us/intune/intune-service/fundamentals/intune-endpoints,Intune;Windows365
Intune,MAA Attestation,intunemaape1.eus.attest.azure.net,443,TCP,CloudPC,,Microsoft Azure Attestation - East US,https://learn.microsoft.com/en-us/intune/intune-service/fundamentals/intune-endpoints,Intune;Windows365
Intune,MAA Attestation,intunemaape2.eus2.attest.azure.net,443,TCP,CloudPC,,Microsoft Azure Attestation - East US 2,https://learn.microsoft.com/en-us/intune/intune-service/fundamentals/intune-endpoints,Intune;Windows365
Intune,MAA Attestation,intunemaape3.cus.attest.azure.net,443,TCP,CloudPC,,Microsoft Azure Attestation - Central US,https://learn.microsoft.com/en-us/intune/intune-service/fundamentals/intune-endpoints,Intune;Windows365
Intune,MAA Attestation,intunemaape4.wus.attest.azure.net,443,TCP,CloudPC,,Microsoft Azure Attestation - West US,https://learn.microsoft.com/en-us/intune/intune-service/fundamentals/intune-endpoints,Intune;Windows365
Intune,MAA Attestation,intunemaape5.scus.attest.azure.net,443,TCP,CloudPC,,Microsoft Azure Attestation - South Central US,https://learn.microsoft.com/en-us/intune/intune-service/fundamentals/intune-endpoints,Intune;Windows365
Intune,MAA Attestation,intunemaape6.ncus.attest.azure.net,443,TCP,CloudPC,,Microsoft Azure Attestation - North Central US,https://learn.microsoft.com/en-us/intune/intune-service/fundamentals/intune-endpoints,Intune;Windows365
Intune,MAA Attestation,intunemaape7.neu.attest.azure.net,443,TCP,CloudPC,,Microsoft Azure Attestation - North Europe,https://learn.microsoft.com/en-us/intune/intune-service/fundamentals/intune-endpoints,Intune;Windows365
Intune,MAA Attestation,intunemaape8.neu.attest.azure.net,443,TCP,CloudPC,,Microsoft Azure Attestation - North Europe 2,https://learn.microsoft.com/en-us/intune/intune-service/fundamentals/intune-endpoints,Intune;Windows365
Intune,MAA Attestation,intunemaape9.neu.attest.azure.net,443,TCP,CloudPC,,Microsoft Azure Attestation - North Europe 3,https://learn.microsoft.com/en-us/intune/intune-service/fundamentals/intune-endpoints,Intune;Windows365
Intune,MAA Attestation,intunemaape10.weu.attest.azure.net,443,TCP,CloudPC,,Microsoft Azure Attestation - West Europe,https://learn.microsoft.com/en-us/intune/intune-service/fundamentals/intune-endpoints,Intune;Windows365
Intune,MAA Attestation,intunemaape11.weu.attest.azure.net,443,TCP,CloudPC,,Microsoft Azure Attestation - West Europe 2,https://learn.microsoft.com/en-us/intune/intune-service/fundamentals/intune-endpoints,Intune;Windows365
Intune,MAA Attestation,intunemaape12.weu.attest.azure.net,443,TCP,CloudPC,,Microsoft Azure Attestation - West Europe 3,https://learn.microsoft.com/en-us/intune/intune-service/fundamentals/intune-endpoints,Intune;Windows365
Intune,MAA Attestation,intunemaape13.jpe.attest.azure.net,443,TCP,CloudPC,,Microsoft Azure Attestation - Japan East,https://learn.microsoft.com/en-us/intune/intune-service/fundamentals/intune-endpoints,Intune;Windows365
Intune,MAA Attestation,intunemaape17.jpe.attest.azure.net,443,TCP,CloudPC,,Microsoft Azure Attestation - Japan East 2,https://learn.microsoft.com/en-us/intune/intune-service/fundamentals/intune-endpoints,Intune;Windows365
Intune,MAA Attestation,intunemaape18.jpe.attest.azure.net,443,TCP,CloudPC,,Microsoft Azure Attestation - Japan East 3,https://learn.microsoft.com/en-us/intune/intune-service/fundamentals/intune-endpoints,Intune;Windows365
Intune,MAA Attestation,intunemaape19.jpe.attest.azure.net,443,TCP,CloudPC,,Microsoft Azure Attestation - Japan East 4,https://learn.microsoft.com/en-us/intune/intune-service/fundamentals/intune-endpoints,Intune;Windows365
Intune-Autopilot,Diagnostics,amsua0101lmsas.blob.core.windows.net,443,TCP,CloudPC,,Windows Autopilot diagnostics upload (endpoints table ID 182),https://learn.microsoft.com/en-us/intune/intune-service/fundamentals/intune-endpoints,Intune;Windows365
Intune-Autopilot,Diagnostics,amsua0102lmsas.blob.core.windows.net,443,TCP,CloudPC,,Windows Autopilot diagnostics upload (endpoints table ID 182),https://learn.microsoft.com/en-us/intune/intune-service/fundamentals/intune-endpoints,Intune;Windows365
Intune-Autopilot,Diagnostics,amsua0201lmsas.blob.core.windows.net,443,TCP,CloudPC,,Windows Autopilot diagnostics upload (endpoints table ID 182),https://learn.microsoft.com/en-us/intune/intune-service/fundamentals/intune-endpoints,Intune;Windows365
Intune-Autopilot,Diagnostics,amsua0202lmsas.blob.core.windows.net,443,TCP,CloudPC,,Windows Autopilot diagnostics upload (endpoints table ID 182),https://learn.microsoft.com/en-us/intune/intune-service/fundamentals/intune-endpoints,Intune;Windows365
Intune-Autopilot,Diagnostics,amsua0401lmsas.blob.core.windows.net,443,TCP,CloudPC,,Windows Autopilot diagnostics upload (endpoints table ID 182),https://learn.microsoft.com/en-us/intune/intune-service/fundamentals/intune-endpoints,Intune;Windows365
Intune-Autopilot,Diagnostics,amsua0402lmsas.blob.core.windows.net,443,TCP,CloudPC,,Windows Autopilot diagnostics upload (endpoints table ID 182),https://learn.microsoft.com/en-us/intune/intune-service/fundamentals/intune-endpoints,Intune;Windows365
Intune-Autopilot,Diagnostics,amsua0501lmsas.blob.core.windows.net,443,TCP,CloudPC,,Windows Autopilot diagnostics upload (endpoints table ID 182),https://learn.microsoft.com/en-us/intune/intune-service/fundamentals/intune-endpoints,Intune;Windows365
Intune-Autopilot,Diagnostics,amsua0502lmsas.blob.core.windows.net,443,TCP,CloudPC,,Windows Autopilot diagnostics upload (endpoints table ID 182),https://learn.microsoft.com/en-us/intune/intune-service/fundamentals/intune-endpoints,Intune;Windows365
Intune-Autopilot,Diagnostics,amsua0601lmsas.blob.core.windows.net,443,TCP,CloudPC,,Windows Autopilot diagnostics upload (endpoints table ID 182),https://learn.microsoft.com/en-us/intune/intune-service/fundamentals/intune-endpoints,Intune;Windows365
Intune-Autopilot,Diagnostics,amsua0602lmsas.blob.core.windows.net,443,TCP,CloudPC,,Windows Autopilot diagnostics upload (endpoints table ID 182),https://learn.microsoft.com/en-us/intune/intune-service/fundamentals/intune-endpoints,Intune;Windows365
Intune-Autopilot,Diagnostics,amsua0701lmsas.blob.core.windows.net,443,TCP,CloudPC,,Windows Autopilot diagnostics upload (endpoints table ID 182),https://learn.microsoft.com/en-us/intune/intune-service/fundamentals/intune-endpoints,Intune;Windows365
Intune-Autopilot,Diagnostics,amsua0702lmsas.blob.core.windows.net,443,TCP,CloudPC,,Windows Autopilot diagnostics upload (endpoints table ID 182),https://learn.microsoft.com/en-us/intune/intune-service/fundamentals/intune-endpoints,Intune;Windows365
Intune-Autopilot,Diagnostics,amsua0801lmsas.blob.core.windows.net,443,TCP,CloudPC,,Windows Autopilot diagnostics upload (endpoints table ID 182),https://learn.microsoft.com/en-us/intune/intune-service/fundamentals/intune-endpoints,Intune;Windows365
Intune-Autopilot,Diagnostics,amsua0901lmsas.blob.core.windows.net,443,TCP,CloudPC,,Windows Autopilot diagnostics upload (endpoints table ID 182),https://learn.microsoft.com/en-us/intune/intune-service/fundamentals/intune-endpoints,Intune;Windows365
Intune-Autopilot,Diagnostics,amsua0902lmsas.blob.core.windows.net,443,TCP,CloudPC,KnownDead - listed in endpoints table ID 182 but has never resolved,Windows Autopilot diagnostics upload (endpoints table ID 182),https://learn.microsoft.com/en-us/intune/intune-service/fundamentals/intune-endpoints,Intune;Windows365
Intune-Autopilot,Diagnostics,amsub0101lmsas.blob.core.windows.net,443,TCP,CloudPC,,Windows Autopilot diagnostics upload (endpoints table ID 182),https://learn.microsoft.com/en-us/intune/intune-service/fundamentals/intune-endpoints,Intune;Windows365
Intune-Autopilot,Diagnostics,amsub0102lmsas.blob.core.windows.net,443,TCP,CloudPC,,Windows Autopilot diagnostics upload (endpoints table ID 182),https://learn.microsoft.com/en-us/intune/intune-service/fundamentals/intune-endpoints,Intune;Windows365
Intune-Autopilot,Diagnostics,amsub0201lmsas.blob.core.windows.net,443,TCP,CloudPC,,Windows Autopilot diagnostics upload (endpoints table ID 182),https://learn.microsoft.com/en-us/intune/intune-service/fundamentals/intune-endpoints,Intune;Windows365
Intune-Autopilot,Diagnostics,amsub0202lmsas.blob.core.windows.net,443,TCP,CloudPC,,Windows Autopilot diagnostics upload (endpoints table ID 182),https://learn.microsoft.com/en-us/intune/intune-service/fundamentals/intune-endpoints,Intune;Windows365
Intune-Autopilot,Diagnostics,amsub0301lmsas.blob.core.windows.net,443,TCP,CloudPC,,Windows Autopilot diagnostics upload (endpoints table ID 182),https://learn.microsoft.com/en-us/intune/intune-service/fundamentals/intune-endpoints,Intune;Windows365
Intune-Autopilot,Diagnostics,amsub0302lmsas.blob.core.windows.net,443,TCP,CloudPC,,Windows Autopilot diagnostics upload (endpoints table ID 182),https://learn.microsoft.com/en-us/intune/intune-service/fundamentals/intune-endpoints,Intune;Windows365
Intune-Autopilot,Diagnostics,amsub0501lmsas.blob.core.windows.net,443,TCP,CloudPC,,Windows Autopilot diagnostics upload (endpoints table ID 182),https://learn.microsoft.com/en-us/intune/intune-service/fundamentals/intune-endpoints,Intune;Windows365
Intune-Autopilot,Diagnostics,amsub0502lmsas.blob.core.windows.net,443,TCP,CloudPC,,Windows Autopilot diagnostics upload (endpoints table ID 182),https://learn.microsoft.com/en-us/intune/intune-service/fundamentals/intune-endpoints,Intune;Windows365
Intune-Autopilot,Diagnostics,amsub0601lmsas.blob.core.windows.net,443,TCP,CloudPC,,Windows Autopilot diagnostics upload (endpoints table ID 182),https://learn.microsoft.com/en-us/intune/intune-service/fundamentals/intune-endpoints,Intune;Windows365
Intune-Autopilot,Diagnostics,amsub0701lmsas.blob.core.windows.net,443,TCP,CloudPC,,Windows Autopilot diagnostics upload (endpoints table ID 182),https://learn.microsoft.com/en-us/intune/intune-service/fundamentals/intune-endpoints,Intune;Windows365
Intune-Autopilot,Diagnostics,amsub0801lmsas.blob.core.windows.net,443,TCP,CloudPC,KnownDead - listed in endpoints table ID 182 but has never resolved,Windows Autopilot diagnostics upload (endpoints table ID 182),https://learn.microsoft.com/en-us/intune/intune-service/fundamentals/intune-endpoints,Intune;Windows365
Intune-Autopilot,Diagnostics,amsub0901lmsas.blob.core.windows.net,443,TCP,CloudPC,,Windows Autopilot diagnostics upload (endpoints table ID 182),https://learn.microsoft.com/en-us/intune/intune-service/fundamentals/intune-endpoints,Intune;Windows365
Intune-Autopilot,Diagnostics,amsuc0101lmsas.blob.core.windows.net,443,TCP,CloudPC,,Windows Autopilot diagnostics upload (endpoints table ID 182),https://learn.microsoft.com/en-us/intune/intune-service/fundamentals/intune-endpoints,Intune;Windows365
Intune-Autopilot,Diagnostics,amsuc0201lmsas.blob.core.windows.net,443,TCP,CloudPC,,Windows Autopilot diagnostics upload (endpoints table ID 182),https://learn.microsoft.com/en-us/intune/intune-service/fundamentals/intune-endpoints,Intune;Windows365
Intune-Autopilot,Diagnostics,amsuc0301lmsas.blob.core.windows.net,443,TCP,CloudPC,,Windows Autopilot diagnostics upload (endpoints table ID 182),https://learn.microsoft.com/en-us/intune/intune-service/fundamentals/intune-endpoints,Intune;Windows365
Intune-Autopilot,Diagnostics,amsuc0501lmsas.blob.core.windows.net,443,TCP,CloudPC,,Windows Autopilot diagnostics upload (endpoints table ID 182),https://learn.microsoft.com/en-us/intune/intune-service/fundamentals/intune-endpoints,Intune;Windows365
Intune-Autopilot,Diagnostics,amsuc0601lmsas.blob.core.windows.net,443,TCP,CloudPC,,Windows Autopilot diagnostics upload (endpoints table ID 182),https://learn.microsoft.com/en-us/intune/intune-service/fundamentals/intune-endpoints,Intune;Windows365
Intune-Autopilot,Diagnostics,amsud0101lmsas.blob.core.windows.net,443,TCP,CloudPC,,Windows Autopilot diagnostics upload (endpoints table ID 182),https://learn.microsoft.com/en-us/intune/intune-service/fundamentals/intune-endpoints,Intune;Windows365
Intune-Autopilot,Diagnostics,amsuin01lmsas.blob.core.windows.net,443,TCP,CloudPC,,Windows Autopilot diagnostics upload (endpoints table ID 182),https://learn.microsoft.com/en-us/intune/intune-service/fundamentals/intune-endpoints,Intune;Windows365
Intune,Core Service,aam-content-cdn.manage.microsoft.com,443,TCP,CloudPC,,Enterprise App Catalog app content (endpoints table ID 170),https://learn.microsoft.com/en-us/intune/intune-service/fundamentals/intune-endpoints,Intune;Windows365
Intune,Core Service,aam-content-cdn.manage.microsoft.com,80,TCP,CloudPC,,Enterprise App Catalog app content (endpoints table ID 170),https://learn.microsoft.com/en-us/intune/intune-service/fundamentals/intune-endpoints,Intune;Windows365
Intune,Delivery Optimization,dl.delivery.mp.microsoft.com,443,TCP,CloudPC,"NoTls - CDN-fronted content endpoint; serves a CDN certificate that does not cover the hostname, so TLS validation here is not meaningful. Content is signed and fetched over HTTP.",Delivery Optimization metadata (non-wildcard form from the consolidated list),https://learn.microsoft.com/en-us/intune/intune-service/fundamentals/intune-endpoints,Intune;Windows365
Intune,Delivery Optimization,dl.delivery.mp.microsoft.com,80,TCP,CloudPC,,Delivery Optimization metadata (non-wildcard form from the consolidated list),https://learn.microsoft.com/en-us/intune/intune-service/fundamentals/intune-endpoints,Intune;Windows365
Intune,Scripts and Win32,*.powershellgallery.com,443,TCP,CloudPC,Wildcard - cannot auto-test,PowerShell Gallery - required for Intune management extension script scenarios,https://learn.microsoft.com/en-us/intune/intune-service/fundamentals/intune-endpoints,Intune;Windows365
Intune,Scripts and Win32,cdn.oneget.org,443,TCP,CloudPC,,OneGet CDN - PowerShell module provider,https://learn.microsoft.com/en-us/intune/intune-service/fundamentals/intune-endpoints,Intune;Windows365
Intune-Store,Microsoft Store,displaycatalog.mp.microsoft.com,443,TCP,CloudPC,,Microsoft Store API (AppInstallManager) - only if Store apps are used,https://learn.microsoft.com/en-us/intune/intune-service/fundamentals/intune-endpoints,Intune
Intune-Store,Microsoft Store,displaycatalog.mp.microsoft.com,80,TCP,CloudPC,,Microsoft Store API (AppInstallManager) - only if Store apps are used,https://learn.microsoft.com/en-us/intune/intune-service/fundamentals/intune-endpoints,Intune
Intune-Store,Microsoft Store,purchase.md.mp.microsoft.com,443,TCP,CloudPC,,Microsoft Store API (AppInstallManager) - only if Store apps are used,https://learn.microsoft.com/en-us/intune/intune-service/fundamentals/intune-endpoints,Intune
Intune-Store,Microsoft Store,purchase.md.mp.microsoft.com,80,TCP,CloudPC,,Microsoft Store API (AppInstallManager) - only if Store apps are used,https://learn.microsoft.com/en-us/intune/intune-service/fundamentals/intune-endpoints,Intune
Intune-Store,Microsoft Store,licensing.mp.microsoft.com,443,TCP,CloudPC,,Microsoft Store API (AppInstallManager) - only if Store apps are used,https://learn.microsoft.com/en-us/intune/intune-service/fundamentals/intune-endpoints,Intune
Intune-Store,Microsoft Store,storeedgefd.dsx.mp.microsoft.com,443,TCP,CloudPC,,Microsoft Store API (AppInstallManager) - only if Store apps are used,https://learn.microsoft.com/en-us/intune/intune-service/fundamentals/intune-endpoints,Intune
Intune-Store,Microsoft Store,storeedgefd.dsx.mp.microsoft.com,80,TCP,CloudPC,,Microsoft Store API (AppInstallManager) - only if Store apps are used,https://learn.microsoft.com/en-us/intune/intune-service/fundamentals/intune-endpoints,Intune
Intune-Store,Microsoft Store,cdn.storeedgefd.dsx.mp.microsoft.com,443,TCP,CloudPC,,Microsoft-hosted Win32 app fallback cache,https://learn.microsoft.com/en-us/intune/intune-service/fundamentals/intune-endpoints,Intune
Intune-Store,Microsoft Store,cdn.storeedgefd.dsx.mp.microsoft.com,80,TCP,CloudPC,,Microsoft-hosted Win32 app fallback cache,https://learn.microsoft.com/en-us/intune/intune-service/fundamentals/intune-endpoints,Intune
Intune-RemoteHelp,Remote Help,remotehelp.microsoft.com,443,TCP,CloudPC,,Remote Help - only if the Remote Help feature is used,https://learn.microsoft.com/en-us/intune/intune-service/fundamentals/intune-endpoints,Intune
Intune-RemoteHelp,Remote Help,*.support.services.microsoft.com,443,TCP,CloudPC,Wildcard - cannot auto-test,Remote Help - only if the Remote Help feature is used,https://learn.microsoft.com/en-us/intune/intune-service/fundamentals/intune-endpoints,Intune
Intune-RemoteHelp,Remote Help,remoteassistance.support.services.microsoft.com,443,TCP,CloudPC,,Remote Help - only if the Remote Help feature is used,https://learn.microsoft.com/en-us/intune/intune-service/fundamentals/intune-endpoints,Intune
Intune-RemoteHelp,Remote Help,remoteassistanceprodacs.communication.azure.com,443,TCP,CloudPC,,Remote Help - Azure Communication Services,https://learn.microsoft.com/en-us/intune/intune-service/fundamentals/intune-endpoints,Intune
Intune-RemoteHelp,Remote Help,remoteassistanceprodacseu.communication.azure.com,443,TCP,CloudPC,,Remote Help - Azure Communication Services (EU customers only),https://learn.microsoft.com/en-us/intune/intune-service/fundamentals/intune-endpoints,Intune
Intune-RemoteHelp,Remote Help,teams.microsoft.com,443,TCP,CloudPC,,Remote Help dependency,https://learn.microsoft.com/en-us/intune/intune-service/fundamentals/intune-endpoints,Intune
Intune-RemoteHelp,Remote Help,edge.skype.com,443,TCP,CloudPC,,Remote Help dependency,https://learn.microsoft.com/en-us/intune/intune-service/fundamentals/intune-endpoints,Intune
Intune-RemoteHelp,Remote Help,api.flightproxy.skype.com,443,TCP,CloudPC,,Remote Help dependency,https://learn.microsoft.com/en-us/intune/intune-service/fundamentals/intune-endpoints,Intune
Intune-RemoteHelp,Remote Help,ecs.communication.microsoft.com,443,TCP,CloudPC,,Remote Help dependency,https://learn.microsoft.com/en-us/intune/intune-service/fundamentals/intune-endpoints,Intune
Intune-RemoteHelp,Remote Help,wcpstatic.microsoft.com,443,TCP,CloudPC,,Remote Help dependency,https://learn.microsoft.com/en-us/intune/intune-service/fundamentals/intune-endpoints,Intune
Intune-RemoteHelp,Remote Help,aadcdn.msauth.net,443,TCP,CloudPC,,Remote Help - Entra ID CDN,https://learn.microsoft.com/en-us/intune/intune-service/fundamentals/intune-endpoints,Intune
Intune-RemoteHelp,Remote Help,aadcdn.msftauth.net,443,TCP,CloudPC,,Remote Help - Entra ID CDN,https://learn.microsoft.com/en-us/intune/intune-service/fundamentals/intune-endpoints,Intune
Intune-RemoteHelp,Remote Help,alcdn.msauth.net,443,TCP,CloudPC,,Remote Help - Entra ID CDN,https://learn.microsoft.com/en-us/intune/intune-service/fundamentals/intune-endpoints,Intune
Intune-RemoteHelp,Remote Help,edge.microsoft.com,443,TCP,CloudPC,,Remote Help dependency,https://learn.microsoft.com/en-us/intune/intune-service/fundamentals/intune-endpoints,Intune
Intune-RemoteHelp,Remote Help,browser.pipe.aria.microsoft.com,443,TCP,CloudPC,,Remote Help telemetry,https://learn.microsoft.com/en-us/intune/intune-service/fundamentals/intune-endpoints,Intune
Intune-RemoteHelp,Remote Help,*.aria.microsoft.com,443,TCP,CloudPC,Wildcard - cannot auto-test,Remote Help telemetry,https://learn.microsoft.com/en-us/intune/intune-service/fundamentals/intune-endpoints,Intune
Intune-RemoteHelp,Remote Help,*.monitor.azure.com,443,TCP,CloudPC,Wildcard - cannot auto-test,Remote Help - Azure Monitor,https://learn.microsoft.com/en-us/intune/intune-service/fundamentals/intune-endpoints,Intune
Intune-RemoteHelp,Remote Help,js.monitor.azure.com,443,TCP,CloudPC,,Remote Help - Azure Monitor,https://learn.microsoft.com/en-us/intune/intune-service/fundamentals/intune-endpoints,Intune
Intune-RemoteHelp,Remote Help,*.trouter.communication.microsoft.com,443,TCP,CloudPC,Wildcard - cannot auto-test,Remote Help - Trouter signalling,https://learn.microsoft.com/en-us/intune/intune-service/fundamentals/intune-endpoints,Intune
Intune-RemoteHelp,Remote Help,*.trouter.teams.microsoft.com,443,TCP,CloudPC,Wildcard - cannot auto-test,Remote Help - Trouter signalling,https://learn.microsoft.com/en-us/intune/intune-service/fundamentals/intune-endpoints,Intune
Intune-RemoteHelp,Remote Help,*.trouter.communications.svc.cloud.microsoft,443,TCP,CloudPC,Wildcard - cannot auto-test,Remote Help - Trouter signalling (rolling out 2026),https://learn.microsoft.com/en-us/intune/intune-service/fundamentals/intune-endpoints,Intune
Intune-RemoteHelp,Remote Help,*.webpubsub.azure.com,443,TCP,CloudPC,Wildcard - cannot auto-test,Remote Help - web pubsub (endpoints table ID 187),https://learn.microsoft.com/en-us/intune/intune-service/fundamentals/intune-endpoints,Intune
Intune-RemoteHelp,Remote Help,v10c.events.data.microsoft.com,443,TCP,CloudPC,,Remote Help telemetry,https://learn.microsoft.com/en-us/intune/intune-service/fundamentals/intune-endpoints,Intune
Intune-RemoteHelp-GCC,Remote Help GCC,gcc.remotehelp.microsoft.com,443,TCP,CloudPC,,Remote Help for GCC customers only (endpoints table ID 188),https://learn.microsoft.com/en-us/intune/intune-service/fundamentals/intune-endpoints,Intune
Intune-RemoteHelp-GCC,Remote Help GCC,gcc.relay.remotehelp.microsoft.com,443,TCP,CloudPC,KnownDead - listed in endpoints table ID 188 but does not resolve,Remote Help for GCC customers only (endpoints table ID 188),https://learn.microsoft.com/en-us/intune/intune-service/fundamentals/intune-endpoints,Intune
Intune-RemoteHelp-GCC,Remote Help GCC,remoteassistanceweb-gcc.usgov.communication.azure.us,443,TCP,CloudPC,,Remote Help for GCC customers only (endpoints table ID 188),https://learn.microsoft.com/en-us/intune/intune-service/fundamentals/intune-endpoints,Intune
Intune-RemoteHelp-GCC,Remote Help GCC,*.gov.teams.microsoft.us,443,TCP,CloudPC,Wildcard - cannot auto-test,Remote Help for GCC customers only (endpoints table ID 188),https://learn.microsoft.com/en-us/intune/intune-service/fundamentals/intune-endpoints,Intune
